0,1,2,3
0.01015011167,0.004516787573,0.01110973163,First Quadrant
0.02508992206,-0.0001864341154,0.02509061472,Fourth Quadrant
-0.005773009323,0.02544336582,0.02609008434,Second Quadrant
0.01593252909,-0.02197215085,0.02714076079,Fourth Quadrant
-0.0562789411,-0.01335073641,0.05784082791,Third Quadrant
-0.00272829846,-0.007116106774,0.007621193352,Third Quadrant
-0.02352994406,0.01525427049,0.02804195135,Second Quadrant
-0.01372718352,-0.006881929159,0.01535566724,Third Quadrant
-0.04474078624,0.01618809038,0.04757932559,Second Quadrant
0.05324956724,0.0006714903528,0.0532538009,First Quadrant
-0.03770866362,0.004432044222,0.03796822787,Second Quadrant
-0.02837730538,0.04738213449,0.05522986628,Second Quadrant
-0.005049865402,-0.01838264777,0.01906365336,Third Quadrant
-0.006474611017,-0.0163480091,0.01758345783,Third Quadrant
-0.02506854762,-0.01633034346,0.02991842572,Third Quadrant
0.01220831902,0.002210603835,0.0124068458,First Quadrant
0.005475360984,-0.0449337604,0.04526612864,Fourth Quadrant
-0.01698795198,-0.03914222049,0.04266970749,Third Quadrant
0.01117309639,-0.03522514486,0.0369546873,Fourth Quadrant
0.0209776553,0.04314134441,0.04797121658,First Quadrant
-0.002487096672,0.007347502486,0.007757025373,Second Quadrant
0.008109181835,0.02242102747,0.02384242653,First Quadrant
0.010546763,-0.02778755549,0.02972175045,Fourth Quadrant
0.011259967,0.01819829512,0.02140011219,First Quadrant
0.007930591768,0.009075316382,0.01205220533,First Quadrant
-0.02142545373,0.01370425761,0.02543337854,Second Quadrant
-0.02963268048,-0.0131106467,0.03240346909,Third Quadrant
-0.02811009141,-0.05840605935,0.06481855451,Third Quadrant
-0.04211396402,-0.002553094968,0.04219128179,Third Quadrant
-0.001683795598,0.02990773629,0.02995509736,Second Quadrant
-0.01573927787,0.0113578328,0.01940941096,Second Quadrant
0.01022246634,0.004612429447,0.01121487064,First Quadrant
0.02142795868,0.01941962967,0.02891849633,First Quadrant
0.008779916562,-0.07103836458,0.0715788808,Fourth Quadrant
0.008059117488,0.003541747697,0.00880303081,First Quadrant
0.02236185896,0.01787253801,0.02862656722,First Quadrant
-0.01210187012,0.00985351969,0.01560599598,Second Quadrant
-0.01704801643,-0.06844141804,0.07053270566,Third Quadrant
0.02145683113,0.01150839248,0.02434827919,First Quadrant
0.025547866,0.00201682415,0.02562734939,First Quadrant
0.01608462619,0.02081065738,0.0263020657,First Quadrant
-0.01429011807,-0.01645004695,0.02179017024,Third Quadrant
-0.03809043994,-0.005923544214,0.0385482813,Third Quadrant
0.01311536621,0.006679301525,0.01471821659,First Quadrant
0.004586533747,-0.0007395895524,0.004645781367,Fourth Quadrant
-0.02504196458,-0.02335924423,0.03424550016,Third Quadrant
-0.03882232801,0.004364256477,0.03906686431,Second Quadrant
0.0387627525,0.02562554176,0.04646740117,First Quadrant
0.004856044895,0.002485729541,0.005455274821,First Quadrant
0.005509843257,0.005241016379,0.007604381987,First Quadrant
-0.01285073303,-0.00239108096,0.01307128944,Third Quadrant
-0.04602626053,-0.009757297434,0.04704913933,Third Quadrant
-0.007822186671,0.01300726094,0.01517812378,Second Quadrant
0.02431185954,-0.009454395634,0.02608547701,Fourth Quadrant
0.008761722287,0.01826155335,0.02025468114,First Quadrant
0.005847768175,0.02618034682,0.02682549071,First Quadrant
0.002893567183,-0.0768169288,0.07687140744,Fourth Quadrant
0.01085426896,0.02074469578,0.02341276485,First Quadrant
-0.01618420523,-0.01486426843,0.02197441637,Third Quadrant
-0.03176669605,-0.001197782318,0.03178926958,Third Quadrant
-0.04239653659,-0.02937983516,0.05158140196,Third Quadrant
0.05287638811,0.01848124384,0.05601311269,First Quadrant
0.04636108987,0.009535545102,0.04733156742,First Quadrant
0.041337229,0.02295323919,0.04728231901,First Quadrant
0.01490692501,-0.01794577068,0.02332953275,Fourth Quadrant
0.05198628893,0.02094056648,0.05604535272,First Quadrant
0.04613534104,0.01682665147,0.04910810414,First Quadrant
0.04587005103,0.01638737349,0.04870941995,First Quadrant
0.02379653952,0.01271011707,0.0269781832,First Quadrant
-0.001550934774,0.02376045318,0.02381101707,Second Quadrant
0.04997359204,-0.007981163751,0.05060690542,Fourth Quadrant
0.01129166172,-0.04630859389,0.04766536995,Fourth Quadrant
0.02874887524,-0.01289408361,0.03150801834,Fourth Quadrant
-0.00324961384,0.003698517745,0.004923314292,Second Quadrant
-0.01218674147,0.004003867486,0.01282761172,Second Quadrant
0.02271325237,0.000102220623,0.02271348239,First Quadrant
0.01025648702,0.004572943615,0.01122975242,First Quadrant
-0.01909004674,0.05123520696,0.05467610371,Second Quadrant
0.03130121806,-0.02486959264,0.03997828023,Fourth Quadrant
0.009660387973,0.004144999209,0.01051209371,First Quadrant
-8.40E-05,0.01143543197,0.01143574016,Second Quadrant
0.01566369446,-0.01333792037,0.02057307571,Fourth Quadrant
-0.03167466614,0.002336313619,0.03176071215,Second Quadrant
-0.03705631946,0.03519290364,0.05110490464,Second Quadrant
0.03054234393,0.002113356023,0.03061537271,First Quadrant
-0.03249782902,-0.0008978957159,0.03251023081,Third Quadrant
-0.01973875377,0.02789613721,0.03417327716,Second Quadrant
-0.04234863749,0.01649961644,0.04544936127,Second Quadrant
-0.04501490633,0.02060331623,0.0495059434,Second Quadrant
-0.01421084852,-0.05184633207,0.05375863061,Third Quadrant
-0.01990027639,0.02697995518,0.03352519921,Second Quadrant
0.01462255874,-0.00689220669,0.01616544887,Fourth Quadrant
0.005467840069,0.04153255602,0.04189093558,First Quadrant
-0.02319293005,-0.00837075969,0.02465728335,Third Quadrant
0.01050703893,-0.01756363815,0.02046653982,Fourth Quadrant
-0.01052350753,0.0005784769237,0.01053939497,Second Quadrant
-0.01037708497,-0.02588646775,0.02788894235,Third Quadrant
0.005021302414,-0.03460653132,0.03496892174,Fourth Quadrant
-0.04154898784,-0.01326666677,0.04361562607,Third Quadrant
-0.02475835414,-0.03650477739,0.04410867117,Third Quadrant
0.03053843254,-0.01784298945,0.0353690279,Fourth Quadrant
0.003540680242,-0.01033015616,0.01092009811,Fourth Quadrant
0.007711351021,-0.03169743822,0.03262196383,Fourth Quadrant
0.03785390478,0.008835295605,0.03887133334,First Quadrant
0.004318250339,0.0172797656,0.01781116462,First Quadrant
0.001278162556,-0.004027096495,0.004225068722,Fourth Quadrant
0.02638341589,-0.009822131908,0.02815242279,Fourth Quadrant
-0.01789145176,-0.03707363755,0.04116501728,Third Quadrant
0.02303370322,0.008839239359,0.02467151468,First Quadrant
0.01043068358,0.004522393305,0.01136886983,First Quadrant
-0.03630245598,-0.009086777584,0.03742242425,Third Quadrant
0.02787521408,0.02833530145,0.03974816812,First Quadrant
0.01609545832,0.01932650708,0.02515109649,First Quadrant
0.02389223543,0.009846306864,0.02584160739,First Quadrant
-0.01669159561,-0.0574765106,0.05985113729,Third Quadrant
-0.01613774006,-0.01760562977,0.02388273129,Third Quadrant
0.007071915194,-0.01944274687,0.02068894367,Fourth Quadrant
0.02098100337,0.02594897967,0.03336992731,First Quadrant
0.03288352447,0.02526392405,0.04146796401,First Quadrant
0.01539985099,0.004472432637,0.01603614867,First Quadrant
-0.03126355291,0.0114990132,0.03331121501,Second Quadrant
0.003992628979,0.01570611967,0.01620565584,First Quadrant
0.002598820769,0.01661272971,0.01681477499,First Quadrant
-0.0219383919,0.004567159204,0.02240874789,Second Quadrant
-0.01862778355,-0.002781218578,0.0188342639,Third Quadrant
0.05556826214,0.03261766189,0.06443402536,First Quadrant
0.016969143,0.04792034855,0.05083612514,First Quadrant
-0.01614211026,0.00590338175,0.0171877177,Second Quadrant
0.006586955848,-0.03129931496,0.03198491995,Fourth Quadrant
-0.00968222885,0.006802108664,0.01183276121,Second Quadrant
-0.01429724724,0.003751532136,0.0147812473,Second Quadrant
0.02849573734,-0.03145465862,0.04244293339,Fourth Quadrant
0.05839934114,-0.01315470936,0.05986258785,Fourth Quadrant
-0.01157332464,-0.0252305027,0.027758244,Third Quadrant
0.04737368986,-0.02459805688,0.05337912413,Fourth Quadrant
0.0180307701,-0.002343964925,0.01818248723,Fourth Quadrant
0.01365303193,0.01845500508,0.02295631707,First Quadrant
0.03378878987,-0.03624655871,0.0495529549,Fourth Quadrant
-0.009331407927,0.009110801197,0.01304154409,Second Quadrant
-0.006672062085,0.03021102396,0.03093901067,Second Quadrant
0.04564661111,0.002147459747,0.04569709716,First Quadrant
-0.004921742152,-0.02286203301,0.02338580978,Third Quadrant
-0.04382100855,0.01469831823,0.04622035643,Second Quadrant
-0.01885447508,-0.03909592476,0.04340486797,Third Quadrant
0.02322810293,0.0371857055,0.0438442865,First Quadrant
0.01920401775,-0.02756840822,0.03359778906,Fourth Quadrant
0.004245275348,-0.02214887108,0.02255204764,Fourth Quadrant
-0.0168336242,0.0230586499,0.02854947003,Second Quadrant
0.0001428238096,-0.005919291917,0.00592101473,Fourth Quadrant
-0.03074346084,0.03025835259,0.04313615984,Second Quadrant
0.01939476931,0.03986218593,0.04433002305,First Quadrant
-0.03437561289,-0.002193072945,0.03444549797,Third Quadrant
0.03159052261,-0.002397088177,0.03168133758,Fourth Quadrant
-0.03111446346,0.02652529665,0.04088644273,Second Quadrant
-0.02916734708,-0.02047239849,0.03563500015,Third Quadrant
-0.01176766537,-0.02090149076,0.02398646002,Third Quadrant
0.03060500846,-0.0005776838572,0.03061046,Fourth Quadrant
-0.005209711658,-0.02590632123,0.02642496121,Third Quadrant
0.03200857272,0.01096494385,0.03383457878,First Quadrant
-0.01059718936,-0.02823908581,0.03016200242,Third Quadrant
0.04658665656,0.007142512442,0.04713100947,First Quadrant
0.04221704315,0.002300957202,0.04227970124,First Quadrant
0.04186598741,0.005109540553,0.04217663223,First Quadrant
-0.005962865102,-0.006415755419,0.008758862816,Third Quadrant
0.01018708721,0.004260829859,0.01104225597,First Quadrant
0.01547310534,0.007681048896,0.01727470697,First Quadrant
0.00488317046,0.004923506175,0.006934426206,First Quadrant
-0.003662337535,-0.005390893762,0.006517242651,Third Quadrant
-0.01503885217,0.02189773971,0.02656460199,Second Quadrant
0.04752494005,-0.0007711514021,0.04753119609,Fourth Quadrant
0.03680334463,-0.01841545483,0.04115355577,Fourth Quadrant
-0.01428473789,0.02893828727,0.03227194148,Second Quadrant
-0.03807619663,0.04666021176,0.06022434816,Second Quadrant
0.007362742148,0.009557751414,0.01206484911,First Quadrant
-0.05406502224,0.0003015199564,0.05406586302,Second Quadrant
0.01018050719,0.02227109849,0.02448764085,First Quadrant
0.01028592207,0.00772211321,0.01286200705,First Quadrant
0.05639876172,0.01737961678,0.05901585721,First Quadrant
0.01000955504,0.004602275208,0.01101690198,First Quadrant
-0.007088056556,-0.009173665687,0.01159295855,Third Quadrant
-0.03151042873,-0.0003909649955,0.03151285408,Third Quadrant
-0.000639610873,0.01880302101,0.01881389649,Second Quadrant
-0.01360830352,0.01956060205,0.02382861887,Second Quadrant
-0.007316787308,-0.01377590771,0.01559842972,Third Quadrant
0.0387302547,-0.01385820687,0.04113493074,Fourth Quadrant
-0.03558082941,0.01337295696,0.03801093789,Second Quadrant
0.009061307601,0.004951105028,0.01032573176,First Quadrant
0.00592917904,0.01995352011,0.0208158144,First Quadrant
-0.007587353424,0.008951368792,0.01173434852,Second Quadrant
0.002263393029,0.01235296424,0.01255860954,First Quadrant
0.04556417865,0.01869109159,0.04924887086,First Quadrant
0.0007207724029,0.003465108737,0.003539278375,First Quadrant
0.04252624061,0.03333514104,0.05403436655,First Quadrant
0.02832636683,0.006499431423,0.02906244427,First Quadrant
0.02378631059,0.008547430822,0.02527542572,First Quadrant
-0.02311678932,0.004620059117,0.02357394525,Second Quadrant
0.0140099635,-0.01231222121,0.01865126988,Fourth Quadrant
0.005063161588,0.01143910161,0.01250954239,First Quadrant
-0.004335738509,0.02548026235,0.02584651617,Second Quadrant
0.005490839225,0.01420575655,0.01522999785,First Quadrant
-0.01232778298,-0.05211705542,0.05355522102,Third Quadrant
-0.0348027539,0.02903373782,0.04532316859,Second Quadrant
0.04770312146,0.02812020368,0.05537448557,First Quadrant
-0.02832161096,-0.001496511656,0.02836112118,Third Quadrant
-0.008894520733,-0.01925217046,0.02120751203,Third Quadrant
0.02809013788,0.01766439329,0.03318262552,First Quadrant
0.00660739223,0.01850127297,0.01964573067,First Quadrant
-0.03105278943,0.004562749523,0.03138621376,Second Quadrant
-0.01896035712,0.05496501934,0.05814334436,Second Quadrant
0.01107301841,-0.007815950939,0.01355362777,Fourth Quadrant
-0.05352835955,-0.007562882931,0.05405998959,Third Quadrant
0.04487565038,0.01409709939,0.04703777427,First Quadrant
-0.017529037,0.0190678543,0.02590077617,Second Quadrant
-0.01570989957,-0.007491692299,0.01740478089,Third Quadrant
0.03424059327,-0.02207074891,0.04073740523,Fourth Quadrant
-0.01958360593,0.04289545829,0.04715440555,Second Quadrant
-0.008187966167,0.009993146345,0.01291920136,Second Quadrant
-0.002432366554,0.02288237696,0.0230112925,Second Quadrant
0.007399558979,0.02231657737,0.02351133979,First Quadrant
-0.01361839437,-0.01506946211,0.02031131098,Third Quadrant
-0.004016365101,-3.61E-06,0.00401636672,Third Quadrant
-0.0007943489086,0.0071106522,0.007154883989,Second Quadrant
0.01372040472,0.0263314694,0.02969167874,First Quadrant
-0.03245319862,0.0075275523,0.03331477366,Second Quadrant
0.0008460608512,-0.01141011896,0.01144144369,Fourth Quadrant
-0.03146321708,-0.01114100137,0.03337747655,Third Quadrant
-0.03614740518,-0.09245476227,0.09926992479,Third Quadrant
-0.02931507269,0.06545812026,0.07172265329,Second Quadrant
-0.02336033442,0.02555379887,0.03462227406,Second Quadrant
-0.007708698358,-0.009349845719,0.01211790598,Third Quadrant
-0.03154232357,0.03128171196,0.04442368377,Second Quadrant
-0.03485838845,0.01758871706,0.03904446457,Second Quadrant
-0.02543616315,0.02912966239,0.03867215571,Second Quadrant
-0.04987919253,-0.01066510259,0.05100664918,Third Quadrant
-0.01259719322,0.01352021787,0.01847932813,Second Quadrant
-0.0331046468,-0.01819694025,0.03777626602,Third Quadrant
0.02160235834,-0.03761912269,0.04338041353,Fourth Quadrant
0.02871334173,0.0321149978,0.04307933468,First Quadrant
-0.02525775468,-0.0187181589,0.03143761512,Third Quadrant
-0.01367315042,-0.01448669002,0.01992032204,Third Quadrant
0.0126033637,0.01627832859,0.02058710175,First Quadrant
-0.01753590149,-0.00327863188,0.01783976648,Third Quadrant
0.003438171159,0.02007435084,0.02036665369,First Quadrant
-0.00837904313,0.004256369065,0.009398140316,Second Quadrant
0.03711271164,0.008286703035,0.03802660663,First Quadrant
0.009183184708,-0.005954741938,0.01094485418,Fourth Quadrant
-0.04000499329,0.03240615309,0.05148357258,Second Quadrant
-0.0335463803,0.01128570503,0.0353938804,Second Quadrant
0.007687123085,0.001877707649,0.007913131323,First Quadrant
0.03035192249,0.01571069407,0.03417696749,First Quadrant
-0.04162060252,-0.01792902274,0.04531803626,Third Quadrant
-0.002336313248,0.03386727499,0.03394776392,Second Quadrant
0.01019538986,0.004146859451,0.01100647163,First Quadrant
0.01903478182,-0.009630812333,0.02133249786,Fourth Quadrant
0.01413133935,0.02112775634,0.02541804162,First Quadrant
0.03712082999,0.03694250117,0.05237083551,First Quadrant
0.01521177082,0.0391702874,0.04202034491,First Quadrant
0.008285999292,0.01413380618,0.01638359733,First Quadrant
0.03861381405,0.02223502311,0.04455808443,First Quadrant
-0.01687288804,-0.01863762281,0.02514071071,Third Quadrant
0.01678326482,-0.01190113391,0.02057461947,Fourth Quadrant
0.02923222974,0.02106153663,0.03602931558,First Quadrant
-0.008802440597,-0.01739271168,0.01949331629,Third Quadrant
-0.00270696536,-0.02440767535,0.02455732635,Third Quadrant
-0.002399109203,0.01776515347,0.01792641634,Second Quadrant
0.0104391278,0.02342301929,0.02564397048,First Quadrant
0.01210534211,0.0154662901,0.01964040318,First Quadrant
-0.008651888607,-0.0417956513,0.04268174837,Third Quadrant
0.03401249629,0.02248002671,0.04077010553,First Quadrant
0.01555977634,0.02749639902,0.03159364807,First Quadrant
0.01678329836,0.01033612689,0.01971077428,First Quadrant
-0.01433474665,-0.007974938283,0.01640379841,Third Quadrant
-0.01201098736,0.05200527379,0.05337426645,Second Quadrant
-0.01333757995,0.006061262873,0.01465025415,Second Quadrant
-0.06956094483,-0.007299644325,0.06994290423,Third Quadrant
-0.02993301026,0.01646853012,0.03416427355,Second Quadrant
0.02565476161,-0.02858121533,0.03840641435,Fourth Quadrant
0.0464367479,0.0007642778264,0.0464430369,First Quadrant
0.00720674638,0.01166095245,0.01370820942,First Quadrant
-0.02875442047,0.01762648135,0.03372698536,Second Quadrant
0.01747652225,-0.01385681877,0.02230336872,Fourth Quadrant
0.02599752676,0.02082824596,0.03331196823,First Quadrant
-0.001127311731,0.03663461794,0.03665195852,Second Quadrant
-0.01399097344,0.02276200087,0.02671808416,Second Quadrant
-0.03186925791,0.01942807004,0.03732424822,Second Quadrant
0.02357531014,0.0368434667,0.04374055655,First Quadrant
-0.0187662454,-0.002854294418,0.01898206951,Third Quadrant
0.01049286223,0.01222927169,0.01611382152,First Quadrant
0.001863831032,0.005980284615,0.006263997939,First Quadrant
0.04428871874,-0.009747257665,0.0453486454,Fourth Quadrant
0.03722289973,0.02448512487,0.04455407506,First Quadrant
0.0149721948,-0.01468686766,0.02097309464,Fourth Quadrant
-0.03353664604,-0.03365491655,0.04751168315,Third Quadrant
0.03623958078,0.0114768144,0.03801347766,First Quadrant
-0.03647516905,-0.0008265661651,0.03648453329,Third Quadrant
0.05756146939,0.02509737959,0.06279491397,First Quadrant
-0.0007149707428,0.02811340721,0.02812249719,Second Quadrant
-0.05525209927,0.03966395083,0.06801487682,Second Quadrant
-0.03715500767,-0.006013747902,0.03763854087,Third Quadrant
-0.02863617886,0.01348976742,0.03165445569,Second Quadrant
-0.002230342801,0.005978397911,0.006380883214,Second Quadrant
-0.005493125012,-0.04817285046,0.04848502803,Third Quadrant
-0.05371010812,-0.005297955282,0.05397077028,Third Quadrant
-0.02743860098,-0.01564539777,0.03158568181,Third Quadrant
-0.05566326294,0.02686168566,0.06180573596,Second Quadrant
-0.02225138883,0.009921989939,0.02436329594,Second Quadrant
0.00767638727,-0.0100435152,0.01264116763,Fourth Quadrant
0.03506130539,-0.03483654172,0.04942549721,Fourth Quadrant
0.009562550612,-0.03962209741,0.04075969796,Fourth Quadrant
0.0191595499,-0.001057406335,0.01918870659,Fourth Quadrant
-0.03692217066,0.0255540513,0.04490274183,Second Quadrant
0.01520096236,-0.01306818511,0.02004611481,Fourth Quadrant
-0.006361187133,0.02307930152,0.02393990101,Second Quadrant
-0.0003405538967,-0.03899732123,0.03899880819,Third Quadrant
-0.01984194291,0.009071335789,0.02181723703,Second Quadrant
-0.001013903414,-0.03554159232,0.03555605131,Third Quadrant
0.0121382724,-0.0297267018,0.03210941384,Fourth Quadrant
-0.001289399953,0.003357467135,0.003596545259,Second Quadrant
-0.04306303819,0.05826013673,0.07244769692,Second Quadrant
-0.06841529677,0.004394202689,0.06855626776,Second Quadrant
-0.001568016328,-0.003740022349,0.004055421356,Third Quadrant
0.008455200101,-0.01997351654,0.02168943917,Fourth Quadrant
-0.0370617291,0.01825487134,0.04131358241,Second Quadrant
0.0267486748,0.01519548816,0.0307635249,First Quadrant
0.01685819432,0.01946560264,0.02575089128,First Quadrant
0.0122934794,0.01387440231,0.01853722404,First Quadrant
0.03433000236,-0.002337882154,0.03440951547,Fourth Quadrant
0.006800267065,0.00802518028,0.01051889494,First Quadrant
0.01074971502,-0.04676199582,0.04798166968,Fourth Quadrant
0.008923539493,0.008876876969,0.01258683844,First Quadrant
0.007651588229,0.01381491994,0.01579236573,First Quadrant
0.03566218355,0.01025152721,0.03710640303,First Quadrant
0.05539552532,-0.01937474078,0.05868598475,Fourth Quadrant
0.0139701387,-0.06399641799,0.06550348305,Fourth Quadrant
-0.01554633563,-0.0393309095,0.04229194951,Third Quadrant
-0.0009900376438,0.006676079175,0.006749089397,Second Quadrant
-0.007688788264,0.009390283415,0.01213651052,Second Quadrant
-0.008442230396,0.0504783856,0.05117947505,Second Quadrant
-0.03814812428,-0.001159489418,0.03816574121,Third Quadrant
0.01332035939,-0.01818251836,0.0225396528,Fourth Quadrant
-0.009426030252,-0.003220798031,0.009961103668,Third Quadrant
0.02285589762,0.02521724596,0.0340338295,First Quadrant
0.008411005826,-0.04579616323,0.04656214756,Fourth Quadrant
0.01279695765,-0.02197315154,0.02542796716,Fourth Quadrant
-0.02998049193,0.003635546046,0.03020011741,Second Quadrant
0.02379950701,0.008685885017,0.02533497844,First Quadrant
-0.008760875443,-0.0360825673,0.03713091167,Third Quadrant
0.02452550155,0.001917244202,0.02460032625,First Quadrant
0.02366950902,-0.03356780136,0.04107362834,Fourth Quadrant
0.01684064272,0.02196822549,0.02768050178,First Quadrant
-0.01693916752,-0.04925206497,0.05208359914,Third Quadrant
0.02073066149,0.002999646856,0.02094655597,First Quadrant
-0.01413313611,0.00938155043,0.01696346146,Second Quadrant
-0.002063227549,0.02728210933,0.02736001458,Second Quadrant
-0.04110585692,-0.007878835127,0.04185412185,Third Quadrant
-0.0008675622419,-0.001694223577,0.001903433155,Third Quadrant
-0.006624785716,-0.009429126411,0.01152372382,Third Quadrant
0.05165399442,0.02941367644,0.05944156375,First Quadrant
0.01726068767,0.02393719327,0.02951136324,First Quadrant
0.00213722991,-0.006757103974,0.007087044927,Fourth Quadrant
0.008715241307,0.0228184626,0.02442616766,First Quadrant
-0.03588471995,0.05816973129,0.06834786583,Second Quadrant
-0.02500999742,-0.03688066437,0.04456100734,Third Quadrant
-0.02622524988,0.02165529266,0.03401051942,Second Quadrant
0.005895621165,0.002835697981,0.006542135122,First Quadrant
-0.003242509559,-0.003059619174,0.004458154072,Third Quadrant
0.04259432887,-0.003920827392,0.04277440519,Fourth Quadrant
0.01008471749,0.004168878273,0.01091242745,First Quadrant
-0.03645441074,0.005654044992,0.03689027362,Second Quadrant
-0.0178748812,0.02041329202,0.02713326131,Second Quadrant
0.05136844362,-0.03159118375,0.06030522274,Fourth Quadrant
0.01031765057,0.00426852374,0.01116576053,First Quadrant
0.01393480474,0.0184700666,0.0231370297,First Quadrant
0.01021451293,0.004550272478,0.01118218467,First Quadrant
-0.02732877007,-0.05212703683,0.05885651741,Third Quadrant
-0.02197685932,0.004325754771,0.0223985379,Second Quadrant
0.03617469678,0.00857418742,0.03717694685,First Quadrant
0.004798599681,-0.05814771409,0.05834537867,Fourth Quadrant
0.01629601976,-0.007790149917,0.0180623004,Fourth Quadrant
0.02809478757,-0.04115608585,0.04983111971,Fourth Quadrant
-0.005809112833,-0.02510843781,0.02577167906,Third Quadrant
-0.01603604639,-0.05515150936,0.05743556188,Third Quadrant
0.003615435262,-0.01500992679,0.01543921223,Fourth Quadrant
-0.03486273916,-0.03232913763,0.04754559623,Third Quadrant
0.007438958711,0.01571978771,0.01739108485,First Quadrant
0.01686347804,-0.02790344431,0.0326033602,Fourth Quadrant
0.0204306284,-0.009860597397,0.02268572146,Fourth Quadrant
-0.01979013764,0.02157505318,0.02927682475,Second Quadrant
-0.02258499662,-0.01139581114,0.02529716553,Third Quadrant
-0.02753806694,0.05675090972,0.06307940143,Second Quadrant
-0.04776227142,0.02191213306,0.05254879776,Second Quadrant
-0.02979817216,-0.03769893263,0.04805351793,Third Quadrant
0.01355349614,0.02096484309,0.02496441274,First Quadrant
0.01530045834,0.02650443851,0.03060374628,First Quadrant
-0.01067587723,-0.004717574354,0.0116717549,Third Quadrant
-0.008138350019,0.009849714256,0.01277691715,Second Quadrant
0.01271676969,0.01284883148,0.01807785114,First Quadrant
0.0456513516,-0.04361097073,0.06313448084,Fourth Quadrant
-0.01554961614,0.008327658475,0.01763917396,Second Quadrant
0.02147251466,0.04070187883,0.04601860304,First Quadrant
-0.03206384924,-0.000361409883,0.032065886,Third Quadrant
-0.03762488071,0.02775406921,0.04675382344,Second Quadrant
-0.01165922914,0.01351478141,0.01784900391,Second Quadrant
0.0107013609,-0.03503421935,0.03663216688,Fourth Quadrant
-0.01364402071,0.02574351815,0.02913568307,Second Quadrant
0.0101658564,0.004351431467,0.01105801032,First Quadrant
0.02518507149,0.02165742924,0.03321644272,First Quadrant
0.003632999188,-0.01438792439,0.01483950981,Fourth Quadrant
0.01309960218,0.001121061779,0.01314748481,First Quadrant
0.003919037392,-0.005585704986,0.006823412216,Fourth Quadrant
-0.01839297422,0.04101611285,0.04495134051,Second Quadrant
0.01002268083,-0.0157757957,0.01869036814,Fourth Quadrant
0.00943858998,-0.02320659119,0.02505260177,Fourth Quadrant
0.02394790541,-0.004414648036,0.0243514125,Fourth Quadrant
-0.04259726443,-0.0002087695581,0.04259777602,Third Quadrant
-0.02534654457,-0.04799361281,0.05427553954,Third Quadrant
0.008482174312,-0.04335051336,0.04417255131,Fourth Quadrant
0.007122446117,-0.05108663989,0.05158075236,Fourth Quadrant
-0.03317697897,-0.01357597229,0.03584716108,Third Quadrant
0.001778274896,0.01554547652,0.01564685597,First Quadrant
0.01984445036,-0.07042905844,0.07317140482,Fourth Quadrant
0.01106301003,0.004564335073,0.01196759564,First Quadrant
-0.04149861089,0.008063406257,0.04227473508,Second Quadrant
-0.01237967664,-0.006820208917,0.01413405969,Third Quadrant
-0.008427034646,0.01516348223,0.01734779831,Second Quadrant
0.02220182142,0.02008531431,0.02993894997,First Quadrant
-0.03458297182,-0.006741103041,0.03523385318,Third Quadrant
0.02278325183,-0.01330627804,0.02638434383,Fourth Quadrant
0.01603519461,-0.02467843042,0.0294304671,Fourth Quadrant
-0.01669789026,0.02553439446,0.03050942214,Second Quadrant
0.04098852896,0.04508491299,0.06093200215,First Quadrant
-0.01720779107,0.0410495738,0.04451039859,Second Quadrant
0.0347684633,-0.03261417518,0.04767106525,Fourth Quadrant
-0.04513993271,0.02679996784,0.05249620749,Second Quadrant
-0.05478186474,0.05164342447,0.07528675843,Second Quadrant
0.04040504945,0.03753298113,0.0551479165,First Quadrant
0.01675769099,-0.04357491828,0.04668611904,Fourth Quadrant
0.01634843092,0.0009753757744,0.01637750138,First Quadrant
0.003355354547,0.008678999242,0.009305021869,First Quadrant
0.04190638632,-0.003337339475,0.04203906575,Fourth Quadrant
0.03060125389,-0.005309975133,0.03105853467,Fourth Quadrant
0.01217951949,0.001215478365,0.01224001971,First Quadrant
-0.04176806225,0.001813439937,0.04180741069,Second Quadrant
0.01467178665,-0.002111876399,0.01482300055,Fourth Quadrant
-0.02335784427,-0.01868890044,0.02991427567,Third Quadrant
0.005667413858,0.03624175137,0.03668220444,First Quadrant
0.0008977635752,0.0162039784,0.01622882915,First Quadrant
-0.03063084013,-0.03789310674,0.04872510549,Third Quadrant
-0.02567207311,0.01338186553,0.02895046913,Second Quadrant
-0.05168658277,0.02069611905,0.05567613656,Second Quadrant
0.03429247365,0.05268552527,0.06286285327,First Quadrant
-0.02498265236,0.01384494949,0.02856248494,Second Quadrant
0.004479778764,0.02143141154,0.02189460706,First Quadrant
0.03423727882,-0.02591913137,0.04294173532,Fourth Quadrant
0.002089091273,-0.01598834067,0.01612424695,Fourth Quadrant
0.008244487893,0.008152231719,0.01159441515,First Quadrant
-0.02029319841,-0.01028325885,0.02274992999,Third Quadrant
-0.03727789739,-0.05696222861,0.06807596582,Third Quadrant
-0.03729375376,0.005424171763,0.03768614744,Second Quadrant
0.01318847667,0.02204096625,0.02568540656,First Quadrant
-0.009841658858,0.02320943878,0.02520984525,Second Quadrant
-0.03325563154,0.01369942904,0.0359668095,Second Quadrant
-0.00924714719,0.01338359155,0.01626745997,Second Quadrant
-0.01642229268,0.001067065403,0.01645692333,Second Quadrant
0.02121235636,-0.04199720594,0.04705028554,Fourth Quadrant
0.02540830022,0.01436367869,0.02918727438,First Quadrant
-8.58E-05,0.0003308173665,0.0003417719711,Second Quadrant
0.007443718965,-0.01471592644,0.01649143545,Fourth Quadrant
0.01455640089,-0.008221088437,0.01671750884,Fourth Quadrant
-0.03834524461,-0.003556387765,0.03850981275,Third Quadrant
0.02238033131,0.02254612486,0.03176801813,First Quadrant
0.01654552826,-0.006905123217,0.0179286149,Fourth Quadrant
0.03967036468,0.02146738097,0.04510638845,First Quadrant
-0.005481391375,-0.01492810762,0.01590264281,Third Quadrant
0.01018764239,0.004375092604,0.01108735734,First Quadrant
-0.000223886882,0.02181296468,0.02181411363,Second Quadrant
-0.01420377666,0.01366663378,0.01971101596,Second Quadrant
0.0004176995691,-0.01979792873,0.01980233458,Fourth Quadrant
0.02450729129,0.01629931443,0.02943254963,First Quadrant
0.006875489428,-0.02600230927,0.02689595587,Fourth Quadrant
0.0236327292,-0.0005474137522,0.02363906832,Fourth Quadrant
-0.02168179398,0.04995131335,0.05445396125,Second Quadrant
0.01267011623,-0.03560331012,0.03779057471,Fourth Quadrant
0.03999936657,-0.02383882812,0.04656435388,Fourth Quadrant
0.0102509281,0.004363638258,0.01114104419,First Quadrant
-0.002458050091,-0.0310109423,0.03110820715,Third Quadrant
0.006675916631,0.01951991016,0.02062994802,First Quadrant
0.04680211111,0.01447874444,0.04899052607,First Quadrant
0.005439415877,0.007589183234,0.009337180905,First Quadrant
-0.01560504792,0.00673943466,0.01699816167,Second Quadrant
0.005945951003,0.007075488932,0.009242125132,First Quadrant
-0.01044878701,-0.008701813301,0.01359774631,Third Quadrant
0.006479359689,0.02433917079,0.02518684849,First Quadrant
-0.02239044623,-0.009924556727,0.02449140479,Third Quadrant
0.02544604379,-0.02452608264,0.03534161674,Fourth Quadrant
-0.02789980635,0.008394910811,0.02913543757,Second Quadrant
-0.005553465764,0.004594464393,0.007207640741,Second Quadrant
-0.03549529285,0.03625882865,0.05074069835,Second Quadrant
-0.02173338717,-0.005072082299,0.02231739538,Third Quadrant
-0.04980006259,0.02537210284,0.05589087436,Second Quadrant
-0.004949426743,-0.02210421849,0.02265156287,Third Quadrant
0.01060867732,0.006541602324,0.01246341026,First Quadrant
-0.03252477224,0.01984071812,0.03809875201,Second Quadrant
0.01618415413,0.0266907374,0.03121413634,First Quadrant
0.02884767647,-0.04516381085,0.05359065448,Fourth Quadrant
-0.0133508237,-0.01829110548,0.02264528722,Third Quadrant
0.03130628624,-0.02621795055,0.04083459917,Fourth Quadrant
0.0389249094,-0.02193595631,0.04468036203,Fourth Quadrant
-0.02424609899,0.03142215261,0.03968910419,Second Quadrant
0.02368216177,-0.005752704584,0.02437085137,Fourth Quadrant
0.02017986651,0.01540733243,0.02538922813,First Quadrant
0.0251993847,-0.002299877842,0.02530411878,Fourth Quadrant
0.01188210869,0.008968656434,0.01488695083,First Quadrant
0.01209425738,0.01066457244,0.01612464471,First Quadrant
-0.01036286858,0.02065065732,0.02310494953,Second Quadrant
-0.003330421275,0.02715531357,0.0273587785,Second Quadrant
0.004408589697,-0.006104311495,0.007529826156,Fourth Quadrant
0.02367421213,0.01682447817,0.02904361178,First Quadrant
-0.02912502569,-0.05916198439,0.06594245611,Third Quadrant
0.002928453926,0.0006016136393,0.002989612244,First Quadrant
0.002040640556,0.007852318753,0.008113145116,First Quadrant
-0.02124794925,0.02000672759,0.029184662,Second Quadrant
0.02878249813,-0.009495302633,0.03030829871,Fourth Quadrant
0.01680475804,0.008050919474,0.01863376498,First Quadrant
0.01692390364,-0.0258066179,0.03086097928,Fourth Quadrant
0.005616914773,-0.06556835425,0.06580850105,Fourth Quadrant
0.03144019792,-0.02411410537,0.03962292421,Fourth Quadrant
0.02821473855,-0.04094340888,0.04972357793,Fourth Quadrant
0.02341790963,-0.03663564743,0.04348067564,Fourth Quadrant
-0.03086430258,-0.01665391115,0.03507075606,Third Quadrant
0.02236696503,-0.006253840662,0.02322480673,Fourth Quadrant
0.01327812891,0.01638685607,0.02109117729,First Quadrant
0.05367916564,0.00147714178,0.05369948577,First Quadrant
0.04740425815,-0.0008188572728,0.04741133006,Fourth Quadrant
-0.006460207726,0.006676727728,0.00929047776,Second Quadrant
-0.008477525058,0.04611767626,0.04689038809,Second Quadrant
0.005038531533,0.02166178683,0.02224004965,First Quadrant
0.02469442098,-0.003331949693,0.02491819247,Fourth Quadrant
0.01310226307,-0.004863333958,0.01397574022,Fourth Quadrant
-0.004769423034,-0.03777240988,0.03807233043,Third Quadrant
0.007959393028,0.03025967078,0.03128896951,First Quadrant
-0.001926495078,-0.03155809806,0.03161684577,Third Quadrant
0.009836664273,0.0162666124,0.01900954084,First Quadrant
0.02389868292,-0.0122006771,0.0268328822,Fourth Quadrant
0.02373699471,0.003992717211,0.02407045302,First Quadrant
-0.02393105843,-0.016949441,0.02932540039,Third Quadrant
0.01754606006,0.03804613313,0.04189716541,First Quadrant
-0.006124188943,0.01655258906,0.01764918964,Second Quadrant
-0.01984133485,-0.009873578348,0.02216226789,Third Quadrant
-0.02316492452,0.001152776763,0.02319359011,Second Quadrant
0.03533291911,-0.01200128233,0.03731549209,Fourth Quadrant
0.006606897086,-0.02676086552,0.02756437941,Fourth Quadrant
-0.02566550125,-0.07008357863,0.07463528621,Third Quadrant
-0.03569612826,0.01861474642,0.04025819615,Second Quadrant
0.01484011022,-0.01133200633,0.01867199076,Fourth Quadrant
-0.02546694278,0.003661266481,0.02572877857,Second Quadrant
0.008951831658,-0.03288460096,0.03408125981,Fourth Quadrant
0.002997939114,0.05171357636,0.05180040173,First Quadrant
0.01567135272,-0.005629248584,0.0166517187,Fourth Quadrant
0.03398789568,0.005811267737,0.03448112361,First Quadrant
0.03239908384,-0.00504466976,0.03278946976,Fourth Quadrant
0.05028559936,0.01709766759,0.05311282086,First Quadrant
-0.01611255317,0.01580929994,0.02257317732,Second Quadrant
0.001550243926,-0.03861589665,0.03864700157,Fourth Quadrant
-0.01657067727,-0.001447273992,0.01663375926,Third Quadrant
-0.03388646819,-0.001742434737,0.03393123643,Third Quadrant
-0.005879290672,-0.007839322562,0.009799032454,Third Quadrant
-0.01823526577,-0.02774384966,0.03320009204,Third Quadrant
0.00644226795,-0.01975372933,0.0207776957,Fourth Quadrant
0.005381944678,0.001213743815,0.005517109984,First Quadrant
0.00461301502,-0.01213883276,0.01298580641,Fourth Quadrant
-0.02316956093,-0.06470481917,0.0687280305,Third Quadrant
-0.02557216537,-0.004338397105,0.02593756602,Third Quadrant
-0.02472804736,0.02470618128,0.03495528171,Second Quadrant
0.00425448069,-0.01419460203,0.01481847943,Fourth Quadrant
0.01387874203,0.02423845385,0.0279306664,First Quadrant
-0.02230765825,0.01322186175,0.02593162634,Second Quadrant
0.01276435931,0.02047826334,0.02413064728,First Quadrant
0.01295024591,-0.07205851781,0.07321296919,Fourth Quadrant
-0.01719541079,0.01768729272,0.02466824834,Second Quadrant
0.0004223293436,-0.06478304669,0.06478442329,Fourth Quadrant
-0.03385186156,-0.0113347312,0.0356990849,Third Quadrant
0.007473258183,0.05134054219,0.05188160426,First Quadrant
-0.02279934081,0.003067695668,0.02300479728,Second Quadrant
-0.03139345296,0.009688907379,0.03285458591,Second Quadrant
-0.005749978621,-0.003795409254,0.006889657869,Third Quadrant
-0.004412688345,-0.0271627603,0.02751885473,Third Quadrant
-0.02117193562,0.02623775722,0.03371454822,Second Quadrant
0.03657528826,-0.01057366035,0.03807300887,Fourth Quadrant
0.009461007156,0.01399460188,0.01689258826,First Quadrant
-0.005459922729,0.01670342002,0.0175731328,Second Quadrant
0.00331467364,0.0009184935361,0.003439577258,First Quadrant
-0.02357186728,0.003792798223,0.02387505488,Second Quadrant
-0.01918322594,-0.02063105008,0.02817155276,Third Quadrant
0.02075728486,0.01884626913,0.02803652501,First Quadrant
0.01011293164,0.004564573707,0.01109534675,First Quadrant
0.0231098461,0.01198481213,0.02603268539,First Quadrant
-0.00431275173,-0.06541925462,0.06556125916,Third Quadrant
-0.0208257592,-0.02290639086,0.03095827819,Third Quadrant
0.02664602795,-0.05027662389,0.05690122771,Fourth Quadrant
-0.02685444712,-0.006649110945,0.02766535751,Third Quadrant
0.003247370094,-0.0350383333,0.03518849546,Fourth Quadrant
-0.03075396919,-0.02237777342,0.03803381869,Third Quadrant
-0.02305812887,0.01444237917,0.02720771257,Second Quadrant
0.04435659111,0.006029965882,0.04476458046,First Quadrant
0.006875550699,0.01699006665,0.01832854501,First Quadrant
0.008693166324,0.00240492385,0.009019689543,First Quadrant
0.00574389616,0.01390874779,0.01504810978,First Quadrant
0.01434696527,0.01844054229,0.02336426786,First Quadrant
-0.01326897578,0.02408088152,0.02749462808,Second Quadrant
0.02209702359,-0.03365823141,0.04026356906,Fourth Quadrant
-0.0340170383,-0.05112826935,0.06141057581,Third Quadrant
-0.008618075186,0.0037559645,0.009400983419,Second Quadrant
-0.0565228771,0.01611788318,0.05877603077,Second Quadrant
-0.04767722606,0.007728818504,0.04829961201,Second Quadrant
0.01635560388,-0.005681662896,0.01731436027,Fourth Quadrant
-0.009085877058,-0.01030027473,0.0137349489,Third Quadrant
0.003850446676,-0.02674643629,0.02702217226,Fourth Quadrant
0.02457460794,0.03410250224,0.04203441464,First Quadrant
-0.02557214646,-0.02911800378,0.03875297174,Third Quadrant
-0.006911668156,0.013291461,0.01498112453,Second Quadrant
0.01037830175,0.004366275176,0.01125937415,First Quadrant
-0.04609272155,-0.05483766237,0.07163594206,Third Quadrant
-0.03113702595,-0.006958336017,0.03190505955,Third Quadrant
-0.03897100187,0.008347115513,0.03985490339,Second Quadrant
0.02646108427,0.02037523142,0.033396692,First Quadrant
0.03949823958,0.02059023225,0.04454288488,First Quadrant
0.003931909052,-0.004941625718,0.006315027596,Fourth Quadrant
-0.04786828208,0.01066880812,0.04904279657,Second Quadrant
-0.02894602506,0.006435715825,0.02965283806,Second Quadrant
-0.01544923662,0.005585933442,0.01642807246,Second Quadrant
-0.003204349726,-0.01472257424,0.01506725089,Third Quadrant
0.004583209385,-0.04787709016,0.0480959621,Fourth Quadrant
0.05029540583,0.01037591461,0.05135452708,First Quadrant
-0.006733206226,0.002720398961,0.007261999489,Second Quadrant
-0.03699815962,0.009111749902,0.03810364552,Second Quadrant
-0.03916547394,-0.04429306847,0.05912537749,Third Quadrant
-0.004441545728,-0.05043601207,0.05063120225,Third Quadrant
0.006010306475,-0.02490914182,0.0256239952,Fourth Quadrant
0.009012723079,0.01701173469,0.01925170888,First Quadrant
-0.01971895821,0.01705678711,0.02607242411,Second Quadrant
-0.02653700026,0.01777541844,0.0319402236,Second Quadrant
-0.001361377252,0.02931039656,0.02934199541,Second Quadrant
-0.02766772891,-0.008065999812,0.02881949993,Third Quadrant
-0.02830101571,-0.03114825636,0.04208516799,Third Quadrant
0.01641758292,-0.02640695648,0.0310944429,Fourth Quadrant
-0.02421953304,-0.01131205651,0.0267310382,Third Quadrant
0.04421434139,0.007669330557,0.04487456536,First Quadrant
0.006874336185,0.00289928465,0.007460720439,First Quadrant
0.02337742269,-0.01909841251,0.03018697156,Fourth Quadrant
0.03878255488,-0.001272024226,0.03880340975,Fourth Quadrant
0.03873969195,0.001176825496,0.0387575625,First Quadrant
-0.04079946184,-0.02136332731,0.04605418374,Third Quadrant
0.01031167857,0.004519212605,0.01125850779,First Quadrant
0.005267398974,-0.04383001317,0.044145391,Fourth Quadrant
-0.0424876608,0.02872141485,0.05128470524,Second Quadrant
0.02299092623,-0.04016359843,0.04627847585,Fourth Quadrant
0.02766246494,-0.03156781212,0.04197307147,Fourth Quadrant
0.02626052911,0.0006805973329,0.02626934719,First Quadrant
-0.03370623263,0.02303651595,0.04082635405,Second Quadrant
0.00975206034,0.01005082377,0.01400434716,First Quadrant
-0.01296446397,0.02944798789,0.03217547695,Second Quadrant
-0.02506415612,-0.0279575243,0.03754777074,Third Quadrant
0.001547078457,0.01277674031,0.01287006389,First Quadrant
0.0142450198,0.01897448426,0.02372660199,First Quadrant
0.001295693378,0.03410836206,0.0341329633,First Quadrant
-0.008540038652,0.02064749393,0.02234393129,Second Quadrant
-0.0177737961,-0.02293607551,0.02901674323,Third Quadrant
-0.02206506788,0.01484399829,0.02659344855,Second Quadrant
0.02286218697,0.009672236137,0.02482401549,First Quadrant
0.02978158751,0.009268284575,0.03119044811,First Quadrant
-0.02344880803,0.04855578285,0.05392133758,Second Quadrant
-0.0003489131997,0.01155356747,0.01155883479,Second Quadrant
-0.002922705477,-0.008994121432,0.009457083464,Third Quadrant
0.05006679596,0.0004334580618,0.05006867228,First Quadrant
0.01072061289,0.01976409696,0.02248446284,First Quadrant
0.02691276353,0.04101361567,0.04905520881,First Quadrant
0.04928066579,0.006054705664,0.04965121833,First Quadrant
-0.03557054676,-0.008849635792,0.03665487486,Third Quadrant
0.02769906695,-0.01011463995,0.02948803573,Fourth Quadrant
-0.001671656678,-0.04269749669,0.04273020781,Third Quadrant
0.009974782324,0.004232945818,0.01083577929,First Quadrant
0.02831666981,0.01600209472,0.03252538738,First Quadrant
-0.04069120849,0.007969827508,0.04146435335,Second Quadrant
0.03212149665,0.006553532665,0.03278321731,First Quadrant
0.004202651528,-0.05929018608,0.05943894721,Fourth Quadrant
-0.01124016842,-0.02778135122,0.02996906508,Third Quadrant
0.02960712294,0.01472670779,0.03306747119,First Quadrant
-0.04769645136,0.005705142918,0.04803644583,Second Quadrant
0.03255431669,0.02169353865,0.0391202397,First Quadrant
0.006280600533,0.0215254868,0.02242303559,First Quadrant
0.02413577446,-0.04321098736,0.04949469706,Fourth Quadrant
0.05932569237,-0.01789632511,0.06196625071,Fourth Quadrant
0.01295663868,0.0006320904413,0.0129720478,First Quadrant
0.04657159803,-0.008054329585,0.04726294498,Fourth Quadrant
0.02384283227,-0.03220252223,0.04006847999,Fourth Quadrant
-0.003477928486,0.009631232441,0.01023995239,Second Quadrant
-0.04407667823,0.001203408183,0.04409310325,Second Quadrant
0.009095190588,-0.01756113836,0.01977665473,Fourth Quadrant
-0.0247121523,0.005231726217,0.02525987788,Second Quadrant
0.01030539714,0.004572199901,0.01127413953,First Quadrant
0.0123728794,0.003874220203,0.01296525074,First Quadrant
-0.001916209315,0.01954414575,0.01963785863,Second Quadrant
-0.01778946341,-0.01066801965,0.02074299042,Third Quadrant
0.0460306587,0.004536624382,0.04625367554,First Quadrant
0.03932747022,0.02979541006,0.04933980518,First Quadrant
-0.01476161945,0.008246694641,0.01690897339,Second Quadrant
0.004938938806,0.01276763169,0.01368961414,First Quadrant
0.01661355525,-0.009766256063,0.01927148089,Fourth Quadrant
0.01559593159,0.02585346769,0.03019329187,First Quadrant
-0.00375336252,-0.003389939656,0.005057610215,Third Quadrant
0.0004812040338,0.02312539818,0.02313040419,First Quadrant
-0.02662490925,0.02783748472,0.03852027191,Second Quadrant
-0.00544007491,0.01133013535,0.01256846777,Second Quadrant
-0.004041685748,-0.02842038724,0.0287063344,Third Quadrant
0.01501097965,0.01842723734,0.02376746907,First Quadrant
-0.01728768009,-0.0547605792,0.05742460202,Third Quadrant
0.008443529825,0.01425601185,0.01656885843,First Quadrant
-0.006287615938,0.0267098198,0.02743990867,Second Quadrant
0.01707903256,0.004334722592,0.01762053272,First Quadrant
-0.008572141425,0.01976776959,0.0215463761,Second Quadrant
-0.006777512395,0.00619880219,0.009184760359,Second Quadrant
0.02985738577,-0.03172498614,0.0435653329,Fourth Quadrant
0.01154081269,0.02934867616,0.03153625136,First Quadrant
0.02765195388,-0.001010964684,0.02767042831,Fourth Quadrant
-0.01519241139,0.0290811483,0.03281040309,Second Quadrant
0.02171987758,0.009752038587,0.023808724,First Quadrant
0.007039557334,0.01649835357,0.01793742004,First Quadrant
0.01258253432,0.01689694756,0.02106720216,First Quadrant
-0.0009956163912,-0.02656557412,0.02658422428,Third Quadrant
-0.01856202042,0.03045424804,0.03566524675,Second Quadrant
0.01733928954,-0.01010490754,0.02006888433,Fourth Quadrant
0.007889922598,0.001640728032,0.008058713736,First Quadrant
-0.0162968149,-0.02903610165,0.03329686734,Third Quadrant
-0.004600517473,-0.004945862485,0.006754725512,Third Quadrant
0.008465774674,-0.03012371495,0.0312906942,Fourth Quadrant
0.03838498457,0.01086380547,0.03989272252,First Quadrant
-0.02924095458,0.03449102906,0.04521796668,Second Quadrant
-0.02913014445,0.03928230997,0.0489046541,Second Quadrant
0.02641559184,0.01282172835,0.02936290535,First Quadrant
-0.0212045491,-0.04344849181,0.04834670975,Third Quadrant
0.01332818219,-0.02926599121,0.03215802671,Fourth Quadrant
-0.04154406135,0.0004406308682,0.04154639803,Second Quadrant
0.04856053574,0.001467660798,0.04858270947,First Quadrant
-0.0175943067,0.003292345853,0.01789969747,Second Quadrant
0.008129358447,-0.08566020596,0.08604508907,Fourth Quadrant
-0.01884083122,0.02195570155,0.02893146646,Second Quadrant
0.008958371638,-0.002895447203,0.009414671365,Fourth Quadrant
-0.01455092193,-0.07405835634,0.07547429677,Third Quadrant
-0.01253082213,-0.04543395777,0.04713030895,Third Quadrant
0.01541721161,0.01910636539,0.0245508373,First Quadrant
0.004617725989,0.005868566483,0.007467493949,First Quadrant
-0.02363588189,0.007519717037,0.02480324691,Second Quadrant
-0.03746633749,0.002010918586,0.03752026437,Second Quadrant
0.004401217179,0.0008026224158,0.004473803237,First Quadrant
0.007342114352,-0.001297599318,0.007455897475,Fourth Quadrant
0.0001676079087,0.0009837409274,0.0009979171425,First Quadrant
0.0123833759,0.01440830798,0.01899861409,First Quadrant
0.0336569366,0.01616891193,0.03733929692,First Quadrant
-0.004560187649,-0.04187039833,0.04211799577,Third Quadrant
-0.02987177846,-0.01191503067,0.03216039652,Third Quadrant
0.01256905454,0.00134284044,0.01264058355,First Quadrant
-0.0083550208,0.006932657501,0.01085670818,Second Quadrant
-0.05112440894,-0.06655791364,0.08392652178,Third Quadrant
0.004889669312,0.01904734924,0.01966495306,First Quadrant
0.02386092022,-0.02358743339,0.03355160991,Fourth Quadrant
0.02663010611,0.01999873373,0.0333033317,First Quadrant
0.01199429378,-0.03229573646,0.03445109108,Fourth Quadrant
-0.02164259979,0.01814477669,0.02824243345,Second Quadrant
0.007799069641,0.002942085856,0.008335547759,First Quadrant
0.03029772432,0.03122480928,0.04350793966,First Quadrant
-0.01320426401,0.01828147517,0.02255138405,Second Quadrant
-0.00757195753,-0.02192555877,0.02319622099,Third Quadrant
-0.003647787278,-0.01145321806,0.01202008968,Third Quadrant
-0.02695879701,-0.03634379283,0.04525094489,Third Quadrant
0.02524707146,-0.03480950429,0.04300135122,Fourth Quadrant
0.0439524699,-0.02254588309,0.04939773734,Fourth Quadrant
-0.04392980439,0.01148922463,0.04540737822,Second Quadrant
0.03526695996,0.02759972225,0.04478284418,First Quadrant
-0.01259922829,0.01123494243,0.01688089112,Second Quadrant
-0.004011761755,0.008216419162,0.00914351006,Second Quadrant
-0.00968496726,-0.0566308167,0.0574530068,Third Quadrant
0.01649926882,-0.005532422327,0.01740211391,Fourth Quadrant
0.03701509302,0.02908342521,0.04707401335,First Quadrant
0.0215225216,0.01843979082,0.02834157409,First Quadrant
0.02203439964,0.008938724816,0.0237784686,First Quadrant
0.03098771311,0.00803340526,0.0320120909,First Quadrant
0.01121219837,0.005700466171,0.01257810427,First Quadrant
0.01630999822,0.03240441135,0.03627756768,First Quadrant
-0.007663673541,0.008128730536,0.0111717569,Second Quadrant
0.00125948648,0.06878594993,0.06879747971,First Quadrant
0.04762045188,-0.03075882598,0.0566905002,Fourth Quadrant
0.01682258441,0.01499705321,0.0225368798,First Quadrant
0.009123380836,-0.03942036077,0.04046233954,Fourth Quadrant
-0.01111280494,-0.03248233972,0.03433069803,Third Quadrant
0.05505592403,-0.01700686462,0.05762280985,Fourth Quadrant
0.02876736535,-0.02121214114,0.0357423592,Fourth Quadrant
-0.009745920905,0.006076100337,0.01148485827,Second Quadrant
-0.008562435281,-0.06539170034,0.0659499035,Third Quadrant
0.04082477397,-0.01854249212,0.04483844538,Fourth Quadrant
0.03953960455,0.03382738283,0.05203529723,First Quadrant
0.01385931554,-0.02560985149,0.02911949726,Fourth Quadrant
-0.01790332074,-0.002643498393,0.01809743013,Third Quadrant
-0.02203883335,-0.006070245397,0.02285952875,Third Quadrant
0.01430647131,0.03081012352,0.0339696752,First Quadrant
-0.03396522263,0.0350361467,0.04879721225,Second Quadrant
0.04117950733,0.02478776521,0.04806438524,First Quadrant
0.0158872361,0.04828275909,0.05082941172,First Quadrant
0.01796845204,0.01701480214,0.02474608577,First Quadrant
0.01901274373,0.01461454099,0.02398060117,First Quadrant
0.02004250018,0.01033319914,0.02254943055,First Quadrant
-0.004353059633,0.03485208848,0.03512288712,Second Quadrant
-0.01546733189,0.01232348178,0.01977641421,Second Quadrant
0.02138958326,0.01064046763,0.02389003607,First Quadrant
0.006333003804,0.006844194394,0.009324694852,First Quadrant
-0.009505575836,-0.0004142212283,0.009514596744,Third Quadrant
-0.04260046122,-0.0001608532168,0.0426007649,Third Quadrant
-0.003415781439,0.0002787646516,0.003427137665,Second Quadrant
-0.01139875347,0.01545126998,0.01920086781,Second Quadrant
0.02729764107,0.0170211238,0.0321695487,First Quadrant
-0.0119093086,0.002888766778,0.01225465646,Second Quadrant
0.001264418358,0.002604836105,0.002895500805,First Quadrant
-0.01173949227,0.02960107565,0.03184398465,Second Quadrant
0.01506288883,0.01711613175,0.022800276,First Quadrant
0.003523525964,-0.0366114888,0.0367806518,Fourth Quadrant
-0.009083579539,0.009425304921,0.01308998816,Second Quadrant
-0.04414753807,0.0299890154,0.0533698994,Second Quadrant
-0.0258403833,0.008573982797,0.02722569724,Second Quadrant
0.03091825019,-0.02899380306,0.04238606859,Fourth Quadrant
-0.02789101595,-0.0035709475,0.02811868484,Third Quadrant
-0.03079814944,0.003461604313,0.03099207501,Second Quadrant
-0.00170888954,0.01216221619,0.0122816858,Second Quadrant
-0.003309226251,0.01575363254,0.01609745062,Second Quadrant
-0.0186123651,-0.004583886061,0.01916851967,Third Quadrant
0.03834667686,0.03068207915,0.04911066694,First Quadrant
0.006519873113,0.009420593375,0.01145671528,First Quadrant
0.01386438788,0.01672432385,0.02172381779,First Quadrant
0.01167260943,0.01724341652,0.02082270933,First Quadrant
0.03199991231,-0.00963772286,0.03341975598,Fourth Quadrant
0.01521090658,0.007169400016,0.01681582515,First Quadrant
-0.01194029447,0.01113266972,0.0163250411,Second Quadrant
-0.002284560218,0.02300421321,0.0231173753,Second Quadrant
0.008404900815,-0.01949615866,0.02123069853,Fourth Quadrant
0.00869232819,0.003577099737,0.00939958573,First Quadrant
-0.00667640663,0.01479376655,0.01623052477,Second Quadrant
0.005435906759,0.01888846437,0.01965510541,First Quadrant
-0.0124369735,0.005940307198,0.01378279941,Second Quadrant
-0.006911767039,-0.03627053312,0.03692321893,Third Quadrant
-0.02558437801,-0.001291035661,0.02561693134,Third Quadrant
-0.04638390602,0.02674578895,0.0535425435,Second Quadrant
0.0416846108,0.02070256462,0.04654248553,First Quadrant
0.04131922752,-0.01167609866,0.04293727801,Fourth Quadrant
-0.05867498807,0.001187566511,0.05868700486,Second Quadrant
-0.00268830456,0.02587829018,0.02601754954,Second Quadrant
-0.001630054466,-0.03087684722,0.03091984431,Third Quadrant
0.0590470684,0.01635262982,0.06126960738,First Quadrant
-0.0323780039,0.04101241038,0.05225277927,Second Quadrant
-0.01309257622,-0.02282588268,0.02631418766,Third Quadrant
-0.01290176961,-0.03038884707,0.03301420429,Third Quadrant
0.01016111175,0.004275070742,0.01102381158,First Quadrant
0.006519854459,-0.002985281354,0.00717080239,Fourth Quadrant
0.0301716419,-0.04434245997,0.05363377417,Fourth Quadrant
0.01455815654,0.01774190478,0.02295027466,First Quadrant
-0.004752355321,-0.01373089822,0.01453005324,Third Quadrant
0.03518809703,0.004242701739,0.0354429498,First Quadrant
0.01404669156,0.01125701399,0.01800083075,First Quadrant
-0.02777470052,0.002235569396,0.02786452511,Second Quadrant
0.009846128155,-0.001601830454,0.009975575194,Fourth Quadrant
-0.01238706781,-0.05732952805,0.05865248704,Third Quadrant
0.04314404437,-0.02041497807,0.04773028278,Fourth Quadrant
-0.01564964325,-0.01110879687,0.01919157892,Third Quadrant
-0.004814357291,0.0114771079,0.01244596488,Second Quadrant
0.002513454341,0.01251181629,0.01276177885,First Quadrant
0.01565171038,0.02889531816,0.03286206702,First Quadrant
-0.02544920236,-0.04121327132,0.04843754363,Third Quadrant
-0.006270810096,-0.02004714088,0.02100502122,Third Quadrant
0.04270482455,-0.002741426783,0.04279272673,Fourth Quadrant
-0.006252347214,-0.02058176994,0.02151048813,Third Quadrant
-0.008124067244,0.03782998943,0.03869248724,Second Quadrant
-0.02501651111,0.03431573216,0.04246640203,Second Quadrant
0.009056996635,0.01696964906,0.01923533668,First Quadrant
-0.03767571682,-0.008075054981,0.0385313658,Third Quadrant
0.03775441393,-0.01036914255,0.03915245699,Fourth Quadrant
0.01210997918,0.009381652252,0.01531884444,First Quadrant
-0.0477274254,0.03762410695,0.0607740122,Second Quadrant
-0.00127869701,-0.04381020626,0.04382886308,Third Quadrant
-0.03035914766,0.01238669952,0.03278884218,Second Quadrant
0.01256296578,-0.005457335282,0.01369710253,Fourth Quadrant
0.008100828051,-0.005679556326,0.009893471341,Fourth Quadrant
0.02068128853,-0.03454439725,0.04026203021,Fourth Quadrant
-0.006476601952,0.05618431929,0.0565563799,Second Quadrant
-0.03874517987,-0.01915162198,0.04322006001,Third Quadrant
0.02782225203,-0.0311995518,0.04180298722,Fourth Quadrant
0.0132574044,-0.008141150573,0.01555754171,Fourth Quadrant
0.0104301103,0.00428354808,0.01127545941,First Quadrant
-0.008446836597,0.003394530026,0.009103399508,Second Quadrant
0.03937396459,-0.006868545658,0.03996856273,Fourth Quadrant
0.008106822842,-0.003689212632,0.008906787661,Fourth Quadrant
0.01028908647,0.004671069882,0.0112997431,First Quadrant
-0.007714763778,0.007087868535,0.01047642403,Second Quadrant
0.01586504357,0.0002373531366,0.01586681896,First Quadrant
0.01990926068,0.02446705007,0.03154386153,First Quadrant
-0.0005299804074,0.01819225438,0.01819997249,Second Quadrant
0.001337036951,0.02621531227,0.02624938599,First Quadrant
-0.02775695202,-0.03819942778,0.04721911338,Third Quadrant
-0.01137035735,0.01455886529,0.0184728337,Second Quadrant
0.01624095703,0.0339943785,0.03767474558,First Quadrant
0.02665701131,-0.01158684327,0.02906632397,Fourth Quadrant
0.008084298052,0.02171320695,0.02316935975,First Quadrant
-0.04500496259,0.03254225629,0.05553778085,Second Quadrant
-0.04506935545,-0.005062708121,0.04535281485,Third Quadrant
-0.01814433074,0.03853913066,0.0425967291,Second Quadrant
0.01314934212,0.01835478342,0.02257882355,First Quadrant
-0.01486139115,0.01652186455,0.0222223526,Second Quadrant
0.02443692556,0.03089720274,0.0393928987,First Quadrant
0.01266797399,-0.01920324782,0.02300526661,Fourth Quadrant
0.007936407788,0.00357417871,0.008704098003,First Quadrant
0.03282262233,0.01651870876,0.03674496259,First Quadrant
-0.01670222303,0.01655791308,0.02351868916,Second Quadrant
0.02463191029,0.005293878552,0.02519436752,First Quadrant
-0.03842957564,0.01256628102,0.04043196387,Second Quadrant
0.01360034373,0.009265895406,0.01645679699,First Quadrant
-0.01170374752,0.01949005778,0.02273411661,Second Quadrant
-0.04382210324,-0.01470489859,0.04622348727,Third Quadrant
0.03052859556,0.02311108053,0.03828990977,First Quadrant
0.007650084448,-0.02196408044,0.02325821622,Fourth Quadrant
-0.007991362569,-0.01468884908,0.01672196648,Third Quadrant
-0.05105507769,0.005992441631,0.05140554751,Second Quadrant
-0.008132247783,0.008328025112,0.01163999383,Second Quadrant
0.02355520739,0.003208603837,0.02377273509,First Quadrant
-0.04549453896,0.01962118701,0.04954537369,Second Quadrant
0.01123685571,-0.06167270103,0.06268802899,Fourth Quadrant
0.01472047953,0.0191072117,0.0241200758,First Quadrant
0.006830936494,-0.02707947479,0.02792775767,Fourth Quadrant
0.003830443994,-0.01180445858,0.01241038048,Fourth Quadrant
0.04112403261,0.01333064044,0.04323068393,First Quadrant
-0.004517910106,0.01121589493,0.01209164219,Second Quadrant
-0.05482396767,-0.007619091273,0.05535086253,Third Quadrant
-0.03520041946,0.02384888048,0.04251868566,Second Quadrant
-0.02415020858,-0.02620067285,0.03563295991,Third Quadrant
0.006784474925,0.005519468472,0.008746063813,First Quadrant
-0.02878975876,-0.02145452506,0.03590469126,Third Quadrant
-0.006085237891,0.02342151774,0.02419912423,Second Quadrant
-0.01403817546,0.01138230941,0.01807283425,Second Quadrant
0.02975742714,0.03167506318,0.04346048892,First Quadrant
0.01006400917,0.004431977034,0.01099666773,First Quadrant
0.009872444159,0.02716774037,0.02890590373,First Quadrant
-0.01181887173,0.0004797616785,0.01182860517,Second Quadrant
-0.0151796153,-0.03230633232,0.03569481515,Third Quadrant
0.04154734477,-0.02808814502,0.05015102938,Fourth Quadrant
0.01173720573,-0.01524703512,0.01924146768,Fourth Quadrant
0.004877944848,-0.02415250023,0.02464016261,Fourth Quadrant
0.01022001976,0.004619558438,0.01121557506,First Quadrant
0.0106543377,-0.02878246058,0.03069112166,Fourth Quadrant
-0.005462636499,-0.01115367419,0.01241953483,Third Quadrant
0.004634076921,-0.05553577865,0.05572878411,Fourth Quadrant
0.02268560893,0.009244512096,0.02449689483,First Quadrant
-0.02523910166,0.01349681169,0.02862125396,Second Quadrant
-0.02817098187,0.01916460873,0.03407178374,Second Quadrant
0.06002162346,0.01405002342,0.06164412739,First Quadrant
-0.02360589039,0.01793917009,0.02964880917,Second Quadrant
-0.0387298136,-0.03146667057,0.04990140096,Third Quadrant
-0.01616317714,0.005044035297,0.01693193985,Second Quadrant
0.01422827765,0.03377023903,0.03664523065,First Quadrant
-0.004707159482,0.01828731959,0.01888341622,Second Quadrant
-0.01070607244,-0.03774410997,0.03923312153,Third Quadrant
0.007609729553,-0.004272305882,0.008727003003,Fourth Quadrant
-0.01792364732,-0.0002616095043,0.01792555642,Third Quadrant
-0.01199620432,0.0008488490026,0.01202619902,Second Quadrant
0.01509281209,0.0003607326079,0.0150971224,First Quadrant
0.01961973926,-0.02468083372,0.03152899811,Fourth Quadrant
0.02373880597,0.01534713092,0.02826774375,First Quadrant
0.0167215701,-0.0530446006,0.05561780793,Fourth Quadrant
-0.01680441102,-0.01261794983,0.02101430198,Third Quadrant
-0.02000884846,-0.00226106323,0.02013619686,Third Quadrant
-0.004374732544,0.02439716317,0.02478628362,Second Quadrant
0.00145323825,-0.0159072122,0.01597345616,Fourth Quadrant
-0.009715074763,0.04225593649,0.04335835382,Second Quadrant
0.0109911336,-0.01835735185,0.02139620024,Fourth Quadrant
0.01496522861,0.0154762785,0.0215284292,First Quadrant
0.02975232587,-0.02416960248,0.03833236985,Fourth Quadrant
0.007425908544,0.02060433383,0.02190165953,First Quadrant
-0.03374365563,0.006159824103,0.03430127881,Second Quadrant
0.02044156995,-0.01046982478,0.02296682419,Fourth Quadrant
0.0003253605704,0.04663863067,0.04663976555,First Quadrant
-0.02254579523,-0.0557805248,0.06016460612,Third Quadrant
0.0103580814,0.004402074099,0.01125469265,First Quadrant
0.02005374317,-0.04979324792,0.05367979279,Fourth Quadrant
0.009230137501,-0.05027022174,0.0511105726,Fourth Quadrant
-0.02433173365,0.02212744498,0.03288855551,Second Quadrant
0.03039202073,-0.01474265857,0.03377900096,Fourth Quadrant
0.01410812286,0.005419492483,0.0151132402,First Quadrant
-0.02074961351,-0.01931516122,0.02834822594,Third Quadrant
-0.005010742445,-0.004236403362,0.006561604476,Third Quadrant
0.03244785774,0.01386790426,0.03528713987,First Quadrant
0.02538810118,-0.01150597213,0.02787369864,Fourth Quadrant
-0.02880357393,0.03559214881,0.04578697335,Second Quadrant
-0.0431894306,-0.002538297606,0.04326395579,Third Quadrant
-0.0328085108,0.01703842221,0.03696898987,Second Quadrant
0.01559379732,9.02E-05,0.01559405799,First Quadrant
0.02945234846,-0.004104921009,0.02973703425,Fourth Quadrant
0.05327016377,-0.001706165977,0.05329747978,Fourth Quadrant
0.01158860608,0.000991161069,0.01163091532,First Quadrant
-0.005881298607,0.009549395248,0.01121519607,Second Quadrant
-0.02516695639,0.01710462108,0.03042932395,Second Quadrant
0.04524374418,-0.02147076276,0.05007983667,Fourth Quadrant
-0.01102683049,-0.06393158305,0.06487556013,Third Quadrant
0.01576200107,-0.01030422676,0.01883129753,Fourth Quadrant
0.06489026068,-0.001453078096,0.06490652792,Fourth Quadrant
-0.04802501236,-0.02050081197,0.05221767042,Third Quadrant
0.01300793828,0.005634106448,0.01417566978,First Quadrant
0.04923132087,0.01890267252,0.0527355097,First Quadrant
-0.02927187335,0.002450076883,0.02937423098,Second Quadrant
-0.03595643804,0.01203330102,0.03791656327,Second Quadrant
0.004773265179,-0.04990030872,0.05012808465,Fourth Quadrant
-0.01526065098,0.008533010098,0.01748427092,Second Quadrant
0.03066599699,-0.03551474872,0.04692228414,Fourth Quadrant
-0.03217984967,-0.03464429692,0.04728392998,Third Quadrant
0.01568054567,0.009091920277,0.0181257421,First Quadrant
0.03003031982,-0.02258103868,0.03757290801,Fourth Quadrant
0.02535398598,-0.009782725255,0.02717584072,Fourth Quadrant
0.02377257542,-0.04549438804,0.05133103043,Fourth Quadrant
0.002114456337,-0.0405317939,0.04058690974,Fourth Quadrant
-0.0001906183095,0.01840896037,0.01840994723,Second Quadrant
-0.01954223163,0.01329076162,0.02363351776,Second Quadrant
0.005500578239,0.02884221538,0.02936204606,First Quadrant
0.01413627958,-0.04936171315,0.05134601373,Fourth Quadrant
0.005671357369,0.007340843524,0.00927643671,First Quadrant
-0.01898516577,-0.0236548626,0.03033132117,Third Quadrant
-0.02629142819,0.01145673195,0.02867918937,Second Quadrant
-0.006900899434,0.01015159084,0.01227506454,Second Quadrant
-0.02872994331,0.02681758978,0.0393013074,Second Quadrant
0.008785299768,-0.01074378087,0.01387841199,Fourth Quadrant
-0.04053098218,0.006944685355,0.04112163872,Second Quadrant
0.006201018373,0.01052097568,0.01221243457,First Quadrant
-0.02715263902,0.03347306723,0.04310118369,Second Quadrant
-0.03761532392,-0.03285542094,0.0499438813,Third Quadrant
-0.03145312635,0.01307257377,0.03406158162,Second Quadrant
-0.002633726287,-0.01986383895,0.0200376798,Third Quadrant
0.02507226507,0.02051675445,0.0323968469,First Quadrant
-0.01262267703,0.02590145987,0.02881349682,Second Quadrant
0.02182683554,-0.001594601625,0.02188500637,Fourth Quadrant
0.03440705021,0.02581921886,0.04301717293,First Quadrant
0.03538934536,0.01893027925,0.04013429004,First Quadrant
0.01260557676,0.03021501839,0.03273908828,First Quadrant
-0.009629929571,-0.03837282019,0.03956272074,Third Quadrant
-0.01673946283,0.0241971253,0.02942295853,Second Quadrant
0.01040993947,0.004393063409,0.01129893118,First Quadrant
0.0443390541,0.01687449029,0.04744154447,First Quadrant
0.0339284531,-0.04443716715,0.05590887008,Fourth Quadrant
0.008838049913,0.02209739414,0.02379928473,First Quadrant
0.02612160827,0.01420994859,0.02973652733,First Quadrant
0.01064701998,-0.01610593398,0.01930699727,Fourth Quadrant
-0.01097564699,-2.52E-06,0.01097564728,Third Quadrant
0.003292363426,0.01493194641,0.01529060759,First Quadrant
0.04218591175,0.01333347072,0.04424288182,First Quadrant
0.008895489953,-0.003827149166,0.009683842845,Fourth Quadrant
0.01792824429,-0.01171668247,0.02141734324,Fourth Quadrant
0.0106559251,-0.01302901193,0.01683163366,Fourth Quadrant
-0.004676344839,0.01759733227,0.01820808348,Second Quadrant
-0.01744984721,-0.003793509061,0.01785743203,Third Quadrant
-0.003815279963,0.008594145754,0.009402962428,Second Quadrant
-0.01803755055,0.01650230988,0.02444748374,Second Quadrant
-0.03378464781,0.05419451208,0.0638627244,Second Quadrant
-0.02023500116,0.02820568924,0.03471334293,Second Quadrant
0.006116408203,-0.03707659632,0.03757771206,Fourth Quadrant
0.0161145379,-0.01254876239,0.02042424464,Fourth Quadrant
-0.04455892105,-0.002728357207,0.04464237201,Third Quadrant
0.02949352732,0.01991711615,0.03558875763,First Quadrant
0.01307678184,0.0006442208189,0.01309264082,First Quadrant
-0.0001013165251,-0.01356946711,0.01356984534,Third Quadrant
-0.02595855031,0.009035411288,0.02748608723,Second Quadrant
-0.00213111772,0.01082872186,0.0110364342,Second Quadrant
0.03482618552,0.01437798555,0.03767744241,First Quadrant
0.0189595317,0.02730796118,0.03324437675,First Quadrant
-0.02336073273,0.02280639981,0.03264744562,Second Quadrant
0.01320112288,0.01131417453,0.01738620691,First Quadrant
0.03225589483,0.01159153545,0.0342754496,First Quadrant
-0.05118747082,-0.005328197337,0.05146403459,Third Quadrant
-0.007352712523,0.04059229953,0.0412528443,Second Quadrant
0.004306527339,0.02104262205,0.02147878303,First Quadrant
0.01118004315,0.01734753854,0.02063808272,First Quadrant
-0.003030717092,-0.009644209064,0.01010920445,Third Quadrant
-0.03972996227,-0.0006970346383,0.0397360763,Third Quadrant
0.001187648457,-0.02368948221,0.02371923431,Fourth Quadrant
0.008404379727,0.0174557361,0.01937359856,First Quadrant
0.01288534348,-0.009741912905,0.01615354276,Fourth Quadrant
0.002023950692,-0.003294910646,0.003866886676,Fourth Quadrant
-0.005650111252,0.0122048028,0.01344919955,Second Quadrant
-0.01147694984,0.01170424137,0.01639236541,Second Quadrant
-0.00507626634,0.0008819309486,0.005152308429,Second Quadrant
0.01021501044,0.004388916874,0.01111795978,First Quadrant
0.000596202098,-0.01123692135,0.01125272671,Fourth Quadrant
-0.02411021365,0.02809883402,0.03702494936,Second Quadrant
-0.003208499832,-0.008592694077,0.009172178731,Third Quadrant
0.01400331673,-0.02587890653,0.02942466113,Fourth Quadrant
0.000306631918,-0.01896327902,0.01896575794,Fourth Quadrant
-0.03213474449,-0.007865762523,0.03308341009,Third Quadrant
-0.02309418465,0.02085508098,0.03111712981,Second Quadrant
-0.03054176866,0.006438330729,0.03121300587,Second Quadrant
-0.02296224057,-0.02001015757,0.03045769029,Third Quadrant
-0.02538215956,0.03587335427,0.04394486968,Second Quadrant
0.01742815365,-0.04439106159,0.04768969374,Fourth Quadrant
-0.05321533618,-0.01198543764,0.05454835213,Third Quadrant
-0.01647976556,-0.007465764592,0.01809199585,Third Quadrant
0.00486759197,-0.03242701351,0.03279031346,Fourth Quadrant
0.0039981841,0.02464168474,0.02496393605,First Quadrant
0.03115661464,-0.01629936217,0.03516253465,Fourth Quadrant
0.02164666516,0.009766557831,0.02374792126,First Quadrant
-0.03358782383,0.01808564705,0.03814751026,Second Quadrant
0.006444933243,0.02591947839,0.02670873499,First Quadrant
-0.02530117018,-0.01639460723,0.03014850508,Third Quadrant
0.01034088473,0.004322973138,0.01120812177,First Quadrant
0.02945601061,-0.0005825274994,0.02946177014,Fourth Quadrant
0.002755874805,-0.0486505337,0.0487285263,Fourth Quadrant
0.01794991177,-0.001494375594,0.01801200963,Fourth Quadrant
0.03506308164,0.008470681439,0.03607176372,First Quadrant
0.0320323169,0.01626354945,0.03592453712,First Quadrant
-0.009550912338,-0.002738928211,0.009935877125,Third Quadrant
0.003878085247,0.006364317336,0.007452790105,First Quadrant
0.01045312153,0.01021731126,0.01461715427,First Quadrant
0.01476978367,-0.03261475116,0.03580319124,Fourth Quadrant
-0.02547263063,0.04070380185,0.0480172302,Second Quadrant
-7.48E-05,0.007035825516,0.007036223545,Second Quadrant
0.00352047479,-0.03512604418,0.03530202151,Fourth Quadrant
-0.0162576121,0.007687990752,0.01798374691,Second Quadrant
0.005240820502,0.001851273906,0.005558184471,First Quadrant
0.004767650414,0.005539311843,0.007308520108,First Quadrant
-0.01920268475,0.0409345945,0.04521486624,Second Quadrant
0.005079322656,0.01254659135,0.01353574797,First Quadrant
-0.01496525569,0.02503043468,0.02916301662,Second Quadrant
-0.05921344791,0.01715748143,0.06164910042,Second Quadrant
-0.04288660093,0.03731453285,0.05684747049,Second Quadrant
-0.02851351468,-0.006217285843,0.02918347414,Third Quadrant
0.00996334694,-0.04118533562,0.04237334247,Fourth Quadrant
-0.01752407876,0.008284774533,0.01938377738,Second Quadrant
-0.02827437459,0.01663994368,0.03280743794,Second Quadrant
0.002263620483,0.005857963415,0.006280104542,First Quadrant
-0.0167638811,-0.002238789721,0.01691271382,Third Quadrant
-0.01965163488,-0.0216671844,0.0292515578,Third Quadrant
-0.06463287779,-0.02805646077,0.07045973234,Third Quadrant
0.0493437556,-0.0008835567082,0.04935166552,Fourth Quadrant
0.01925424946,-0.01722581111,0.02583514449,Fourth Quadrant
0.01995714366,0.001274364622,0.01999778959,First Quadrant
0.02736826302,0.005319711661,0.02788047978,First Quadrant
0.01254960981,0.01939420149,0.02310038437,First Quadrant
0.03953787876,0.03744185346,0.05445306463,First Quadrant
0.004140785616,-0.05750168892,0.05765058833,Fourth Quadrant
-0.02766992044,-0.03802090452,0.04702354386,Third Quadrant
-0.04832268133,-0.02086194699,0.05263366188,Third Quadrant
-0.02205095121,0.0242894177,0.03280579616,Second Quadrant
-0.02377926408,0.006234633942,0.02458300349,Second Quadrant
-0.000161027856,-0.02540266336,0.02540317373,Third Quadrant
0.01458221521,-0.02273530651,0.0270099086,Fourth Quadrant
0.010161532,0.005707370387,0.01165464754,First Quadrant
-0.02603579638,0.0330067938,0.04203939974,Second Quadrant
-0.00969664721,-0.01283225328,0.0160838954,Third Quadrant
-0.02820016757,-0.02627431935,0.03854334324,Third Quadrant
-0.03321865537,-0.01676501592,0.03720947223,Third Quadrant
0.03138733398,0.003538014173,0.03158610895,First Quadrant
0.04368744818,-0.004505320576,0.04391914209,Fourth Quadrant
0.004441940848,-0.0003422237213,0.004455104441,Fourth Quadrant
0.03644024924,0.02084882642,0.0419829171,First Quadrant
0.0237424799,0.01542956208,0.02831566241,First Quadrant
0.001254298683,-0.008098311754,0.008194871473,Fourth Quadrant
-0.0109773154,0.006321015694,0.01266715014,Second Quadrant
-0.02122284761,0.01565447009,0.02637179733,Second Quadrant
0.02536764452,-0.007685146918,0.02650620439,Fourth Quadrant
-0.04108209535,0.04188203168,0.0586672237,Second Quadrant
0.0123919805,-0.0004249118162,0.01239926332,Fourth Quadrant
0.01112637289,-0.02093384927,0.0237070078,Fourth Quadrant
0.02446516417,0.006185314756,0.02523494356,First Quadrant
0.02415699933,-0.01958994833,0.03110187602,Fourth Quadrant
-0.011368979,-0.01719317183,0.02061210424,Third Quadrant
0.002959641645,-0.06930078531,0.06936395551,Fourth Quadrant
-0.002929765736,0.01610142685,0.01636580196,Second Quadrant
-0.03106524127,-0.001390109668,0.03109632808,Third Quadrant
-0.01246349798,-0.03787924878,0.03987701431,Third Quadrant
-0.03363151569,-0.003392728224,0.03380221076,Third Quadrant
-0.03372360803,-0.03374273393,0.04770590982,Third Quadrant
0.004892641336,-0.02369702959,0.02419684175,Fourth Quadrant
0.00157535155,0.00642333373,0.006613694029,First Quadrant
0.007536906678,-0.0302985613,0.03122191185,Fourth Quadrant
-0.009239912099,-0.005786065998,0.01090204271,Third Quadrant
-0.0300009308,-0.01629864209,0.03414237224,Third Quadrant
0.02631305016,-0.02721014775,0.03785193191,Fourth Quadrant
-0.006484737619,0.01822166143,0.01934116768,Second Quadrant
0.01167897614,0.01619516466,0.01996701886,First Quadrant
0.01956423945,-0.009797308683,0.02188028159,Fourth Quadrant
0.01659201496,-0.04373808513,0.04677942979,Fourth Quadrant
-0.04622440667,0.009547715519,0.04720015512,Second Quadrant
-0.04968046989,0.02267678619,0.05461122339,Second Quadrant
-0.01643683334,-0.04263816845,0.04569663991,Third Quadrant
-0.006771378742,0.01411422774,0.015654488,Second Quadrant
0.01156075322,0.0181492084,0.02151847533,First Quadrant
0.03357789532,0.01840213838,0.03828986486,First Quadrant
0.01268896528,0.01441155118,0.01920163137,First Quadrant
-0.02348675289,0.01766335016,0.02938743779,Second Quadrant
0.03295023535,0.03229818356,0.04613990323,First Quadrant
0.007734639247,-0.02434913831,0.02554809544,Fourth Quadrant
-0.03727719528,-0.01163594447,0.03905104981,Third Quadrant
0.01009845386,0.004399676916,0.01101525884,First Quadrant
-0.02627219483,0.003970783935,0.02657057293,Second Quadrant
0.0262412371,-0.004577093136,0.02663742304,Fourth Quadrant
0.009008241988,-0.02246405323,0.024202936,Fourth Quadrant
-0.04227790545,0.02033285589,0.04691317851,Second Quadrant
-0.04662363476,-0.08607094729,0.09788754408,Third Quadrant
-0.001572751082,-0.04444112145,0.04446894222,Third Quadrant
-0.05080325191,0.006398387738,0.0512045874,Second Quadrant
-0.03699351144,0.02523127998,0.04477876035,Second Quadrant
-0.05364578402,0.03804171781,0.06576505483,Second Quadrant
0.007957466081,-0.06443225783,0.0649217769,Fourth Quadrant
0.02413493213,0.003647128692,0.02440894296,First Quadrant
0.04039081542,0.05258602322,0.06630767533,First Quadrant
-0.006321639275,-0.02011174106,0.02108187021,Third Quadrant
0.009800960284,-0.01692057208,0.01955414488,Fourth Quadrant
-0.04973843666,0.0001205636731,0.04973858278,Second Quadrant
-0.03456739372,-0.0073079352,0.03533143962,Third Quadrant
-0.0382731702,0.008653213411,0.03923918525,Second Quadrant
0.0172461771,-0.001562126181,0.0173167798,Fourth Quadrant
-0.001600517922,-0.03687988955,0.03691460295,Third Quadrant
-0.01465565753,0.03267175479,0.03580826523,Second Quadrant
-0.0228621914,0.009958679808,0.02493702266,Second Quadrant
0.0115200232,-0.005467658384,0.01275171451,Fourth Quadrant
0.02441917476,0.01002603419,0.02639730019,First Quadrant
0.03381245121,-0.03461700595,0.04839027751,Fourth Quadrant
0.004265298846,0.003361124837,0.005430463555,First Quadrant
-0.03927532368,0.01285443979,0.04132538775,Second Quadrant
0.03061308931,-0.01937861924,0.03623109328,Fourth Quadrant
0.004530058011,0.001329240784,0.004721049317,First Quadrant
0.008405715142,-0.0007706371495,0.008440967282,Fourth Quadrant
-0.003925777501,-0.01447174425,0.01499476944,Third Quadrant
-0.03341674452,0.0178846966,0.03790173066,Second Quadrant
-0.02340401027,-0.01711444215,0.02899399639,Third Quadrant
-0.03217261049,0.02060549056,0.03820553765,Second Quadrant
-0.02110510229,-0.05821722358,0.0619247161,Third Quadrant
-0.0194217579,-0.01695032243,0.02577824879,Third Quadrant
-0.004643739214,0.01919391551,0.01974767598,Second Quadrant
0.03706422808,0.009589784669,0.03828473551,First Quadrant
-0.02636386095,0.04198280441,0.04957427791,Second Quadrant
0.04173420889,-0.00902853464,0.04269963266,Fourth Quadrant
-0.03590576478,0.01006120799,0.03728876306,Second Quadrant
-0.03108208405,-0.022498119,0.03837005743,Third Quadrant
0.00982475617,0.01155273786,0.01516547348,First Quadrant
0.01724581522,-0.04560187969,0.04875396982,Fourth Quadrant
0.007453241092,-0.0531889712,0.05370863487,Fourth Quadrant
0.04981104911,0.01671973665,0.05254227066,First Quadrant
-0.01791446818,-0.009152017512,0.02011684853,Third Quadrant
0.01477621806,-0.00915696287,0.01738351487,Fourth Quadrant
0.03890237248,0.003597423447,0.03906835088,First Quadrant
-0.001074878225,-0.04388963072,0.04390279089,Third Quadrant
0.05157866713,0.0006097092291,0.05158227068,First Quadrant
-0.001590470907,-0.06480937815,0.06482889089,Third Quadrant
0.03794650486,0.0129364258,0.04009100078,First Quadrant
-0.03720929174,-0.01573966817,0.04040134337,Third Quadrant
-0.003712385081,0.03009040433,0.03031854607,Second Quadrant
0.004381628595,0.03102132814,0.03132924303,First Quadrant
0.002393162727,0.005890399245,0.006357989549,First Quadrant
-0.03621389015,0.003654654505,0.03639783427,Second Quadrant
0.00083615763,0.004099824729,0.004184223033,First Quadrant
0.01072564149,0.03246262719,0.03418861725,First Quadrant
-0.02031917734,0.04502748895,0.04939983531,Second Quadrant
-0.01914934016,-0.003686936688,0.01950104435,Third Quadrant
0.01846162185,-0.021928497,0.02866514368,Fourth Quadrant
0.001089302554,0.02148104423,0.02150864573,First Quadrant
0.006702003952,-0.04196610641,0.04249789341,Fourth Quadrant
-0.03107205041,0.02307114413,0.03870077529,Second Quadrant
-0.004209494423,-0.0007674389061,0.004278879032,Third Quadrant
-0.01351401383,0.01331593624,0.01897215665,Second Quadrant
0.02319074055,0.01406905777,0.02712469049,First Quadrant
-0.01892548559,-0.01759475185,0.02584084553,Third Quadrant
0.001079689344,-0.03647758773,0.03649356294,Fourth Quadrant
-0.02315236052,0.03980305841,0.04604688107,Second Quadrant
0.01214204726,-0.02844222548,0.03092554773,Fourth Quadrant
-0.01627496705,-0.0001557601441,0.01627571239,Third Quadrant
0.02184564789,-0.03974122142,0.04534971898,Fourth Quadrant
0.01405970753,0.01115994621,0.0179504812,First Quadrant
0.01387534899,-0.02951344307,0.03261239996,Fourth Quadrant
-0.01110254764,-0.001233513692,0.01117086031,Third Quadrant
-0.01033905444,-0.001553038679,0.01045504547,Third Quadrant
-0.001609533927,-0.01374173415,0.01383567334,Third Quadrant
0.01372653452,0.0005137033979,0.0137361436,First Quadrant
-0.06044170379,-0.0610550733,0.08591228976,Third Quadrant
-0.0002270270243,-0.008003112872,0.008006332301,Third Quadrant
0.00517375739,0.003034569723,0.005998031254,First Quadrant
0.00829160886,-0.03574488767,0.0366939746,Fourth Quadrant
0.03514299325,-0.03904272174,0.05252964968,Fourth Quadrant
0.004995943863,0.005735953023,0.007606616342,First Quadrant
0.02039188154,0.01225200615,0.02378950373,First Quadrant
-0.004318147026,0.02908683673,0.02940561961,Second Quadrant
-0.03714091447,-0.02383798295,0.04413271982,Third Quadrant
0.02362465355,-0.002747261451,0.02378385378,Fourth Quadrant
0.009025444229,0.03396467591,0.0351433899,First Quadrant
0.00482059406,0.007639928066,0.009033638688,First Quadrant
-0.02444075139,0.007129434517,0.02545936301,Second Quadrant
-0.03336790663,0.01281017426,0.03574238041,Second Quadrant
-0.05310274589,0.03507236633,0.06363939425,Second Quadrant
-0.01758832537,-0.04674372551,0.04994321839,Third Quadrant
-0.02789488959,-0.01583562282,0.03207634355,Third Quadrant
0.03157352593,0.02200326452,0.03848416803,First Quadrant
0.003827498673,0.05364077496,0.05377715579,First Quadrant
-0.006126281705,-0.02350809021,0.02429324254,Third Quadrant
-0.02342453295,-0.03023613481,0.03824830182,Third Quadrant
-0.001083146529,-0.03531680743,0.03533341328,Third Quadrant
-0.03242702798,0.02488679038,0.04087620921,Second Quadrant
-0.02241365178,0.03326402632,0.04011068727,Second Quadrant
0.02373191624,0.0122777519,0.02671978743,First Quadrant
0.02567460006,0.005140317691,0.02618411645,First Quadrant
0.04328759128,-0.02374439984,0.04937217924,Fourth Quadrant
0.006335770665,0.01971741682,0.02071034804,First Quadrant
0.008855090404,-0.007879613008,0.0118533087,Fourth Quadrant
-0.0331489283,-0.02733068689,0.04296298283,Third Quadrant
0.0148809822,0.01780317857,0.02320337903,First Quadrant
0.0009004065743,0.01316243287,0.01319319412,First Quadrant
-0.008290301716,0.007208572485,0.01098601929,Second Quadrant
-0.05629243654,0.001233227153,0.05630594338,Second Quadrant
-0.04265883804,0.003921601547,0.04283871405,Second Quadrant
-0.03541884548,0.01344969083,0.03788652529,Second Quadrant
-0.06055845711,-0.06194962301,0.08663187934,Third Quadrant
0.006052904386,0.01069023723,0.01228490226,First Quadrant
0.006324361024,0.01298381506,0.01444219498,First Quadrant
0.008239126745,-0.0004663589386,0.008252314838,Fourth Quadrant
-0.03813203946,-0.02168594334,0.04386721522,Third Quadrant
-0.02544572674,0.008855256143,0.02694254203,Second Quadrant
0.01011939689,0.01803756306,0.0206822599,First Quadrant
0.007921942402,0.006482460214,0.01023618395,First Quadrant
0.01696733854,-0.005564013867,0.01785633858,Fourth Quadrant
-0.02769164046,0.03038744752,0.04111233292,Second Quadrant
-0.001642504798,0.005709476431,0.005941038893,Second Quadrant
0.03747484323,0.03808504396,0.05343065083,First Quadrant
-0.04575229753,-0.02609089184,0.05266884626,Third Quadrant
0.01030801583,0.004236243497,0.01114454796,First Quadrant
0.0121765608,-0.01067771134,0.01619512743,Fourth Quadrant
0.03250981676,-0.01185226618,0.03460295362,Fourth Quadrant
-0.03765481017,-0.01987429208,0.04257783713,Third Quadrant
-0.004535616604,0.01695201283,0.01754829213,Second Quadrant
-0.0263464858,-0.003218300088,0.02654232035,Third Quadrant
0.01724453779,-0.03706133492,0.04087684711,Fourth Quadrant
-0.02031231597,0.01751942596,0.02682387865,Second Quadrant
-0.006099468735,-0.03446719031,0.03500272457,Third Quadrant
-0.006753418769,-0.06511946816,0.06546872382,Third Quadrant
0.003934293255,0.007147771908,0.008159001573,First Quadrant
0.01682636519,-0.001455004336,0.01688915638,Fourth Quadrant
-0.04686786223,-0.004072162582,0.04704443663,Third Quadrant
0.01195092762,0.005372434197,0.01310296609,First Quadrant
0.04226880405,-0.02677468833,0.05003534481,Fourth Quadrant
0.01011268247,0.004544611977,0.01108692224,First Quadrant
0.01115566645,0.008469181861,0.014006282,First Quadrant
0.001586817061,-0.01536849647,0.01545019974,Fourth Quadrant
-0.02722463473,0.01810064491,0.03269272216,Second Quadrant
-0.005499876931,-0.05264847721,0.05293496764,Third Quadrant
-0.01844579176,-0.02080672967,0.02780588486,Third Quadrant
-0.008231110555,0.00957331828,0.01262535559,Second Quadrant
1.18E-06,-0.006516417527,0.006516417633,Fourth Quadrant
0.04469319868,0.001611816125,0.04472225351,First Quadrant
-0.05560302798,-0.0447632723,0.07138240166,Third Quadrant
-0.007312604877,-0.03058906682,0.03145099679,Third Quadrant
-0.04160199343,-0.007747483596,0.0423172466,Third Quadrant
0.01020605847,0.004489678236,0.01114992556,First Quadrant
0.01090961181,0.02073866227,0.02343313344,First Quadrant
-0.002109964289,-0.0001049461414,0.002112572601,Third Quadrant
0.01697953207,-0.01821707728,0.02490314064,Fourth Quadrant
1.60E-05,-0.04802338531,0.04802338796,Fourth Quadrant
0.03652701697,-0.01565316291,0.03973970908,Fourth Quadrant
-0.03295575865,0.01286726113,0.0353786438,Second Quadrant
-0.008508487666,0.01962559079,0.02139060953,Second Quadrant
-0.01355525252,-0.04741610583,0.04931563609,Third Quadrant
0.02905212517,-0.007343366221,0.02996583061,Fourth Quadrant
0.00239327479,0.02169941064,0.02183099141,First Quadrant
-0.001256227662,0.03590863664,0.03593060386,Second Quadrant
0.03203802652,0.007569332923,0.03292005383,First Quadrant
0.03585172731,0.02108487794,0.04159228809,First Quadrant
0.01190475026,0.003248086642,0.01233990055,First Quadrant
0.01219681368,-0.02241009212,0.02551420178,Fourth Quadrant
-0.009359499912,-0.06421300273,0.06489152455,Third Quadrant
0.04231037923,0.005911986027,0.0427214205,First Quadrant
-0.02807555223,0.002635664114,0.0281989957,Second Quadrant
0.008747032597,-0.004208232189,0.009706688282,Fourth Quadrant
0.04421399093,0.04060095805,0.06002761688,First Quadrant
-0.009694647051,0.006972251878,0.01194146045,Second Quadrant
-0.02465767484,-0.03407938109,0.04206429774,Third Quadrant
0.01220320694,0.02939371456,0.03182622684,First Quadrant
0.03211574648,0.01639131945,0.03605685129,First Quadrant
0.01051019668,0.01695363034,0.01994717564,First Quadrant
0.03536583986,0.01524095418,0.03851011962,First Quadrant
-0.01670684052,0.009261089059,0.01910199703,Second Quadrant
-0.00648363516,0.02773841553,0.0284860882,Second Quadrant
-0.03121953201,-0.03449481206,0.04652473792,Third Quadrant
-0.01486058174,-0.006263069893,0.01612646689,Third Quadrant
-0.01273973401,0.008756761669,0.01545903288,Second Quadrant
0.009556750471,0.005025861808,0.01079772043,First Quadrant
0.003791107058,-0.02338994664,0.02369519142,Fourth Quadrant
-0.001387361959,-0.03695157386,0.03697760922,Third Quadrant
0.04115758316,-0.01461425315,0.04367519945,Fourth Quadrant
0.004556306431,-0.03289841515,0.03321243212,Fourth Quadrant
-0.009857807239,-0.05052254405,0.05147527387,Third Quadrant
-0.001359850861,-0.04112246508,0.04114494293,Third Quadrant
0.01308744549,-0.0350364754,0.03740101386,Fourth Quadrant
-0.0209273232,-0.03549586192,0.0412056922,Third Quadrant
-0.04619554118,-0.04654627501,0.06557883608,Third Quadrant
0.016820038,-0.02518056546,0.03028158773,Fourth Quadrant
-0.0008981861101,0.01052527411,0.01056352845,Second Quadrant
0.0161743582,-0.006123464328,0.01729470089,Fourth Quadrant
0.002170439699,0.02466657959,0.02476188517,First Quadrant
-0.0105174545,0.02839972805,0.03028467274,Second Quadrant
0.03555948037,0.04492712538,0.05729679956,First Quadrant
0.01001731982,0.004360383614,0.01092518383,First Quadrant
0.02611417076,0.01154674174,0.02855305867,First Quadrant
-0.03604227358,-0.02562224955,0.0442215463,Third Quadrant
-0.01640226619,0.01065694251,0.01956028527,Second Quadrant
0.002841077536,0.0256044721,0.02576161317,First Quadrant
-0.007568154674,0.007210158886,0.01045291138,Second Quadrant
0.01808030357,0.02797445108,0.0333086669,First Quadrant
-0.01574888604,0.0298541481,0.03375348234,Second Quadrant
-0.03487557615,0.01853070613,0.03949294723,Second Quadrant
0.02931153834,0.02295509424,0.03723039929,First Quadrant
-0.04083976365,0.01271625251,0.04277369955,Second Quadrant
-0.03300576197,0.01888046541,0.03802436452,Second Quadrant
0.04088012429,-0.002110392247,0.04093456141,Fourth Quadrant
0.001683365241,-0.02812056853,0.02817090863,Fourth Quadrant
0.05022075152,-0.002678297789,0.05029211829,Fourth Quadrant
0.02281067398,0.05610900671,0.06056853541,First Quadrant
0.05033010581,0.04754222742,0.06923426131,First Quadrant
-0.01179280544,0.01203552379,0.01685004727,Second Quadrant
-0.008084618039,0.01348552045,0.01572324109,Second Quadrant
0.02239223533,-0.01197221919,0.02539185372,Fourth Quadrant
0.01561235633,0.01520240366,0.02179125391,First Quadrant
0.01446663585,-0.01026344858,0.01773758522,Fourth Quadrant
-0.01749704316,-0.02840706129,0.03336326798,Third Quadrant
0.01051481601,0.004270078648,0.01134878528,First Quadrant
-0.0387516835,0.02811453326,0.04787608959,Second Quadrant
0.02861859923,-0.008079245949,0.02973715583,Fourth Quadrant
0.05594907314,-0.00419977087,0.05610647789,Fourth Quadrant
-0.006582271138,-0.006481351129,0.00923765153,Third Quadrant
-0.005821765721,-0.001176691334,0.005939491443,Third Quadrant
0.02825499813,0.01494621769,0.0319645795,First Quadrant
0.01569643501,0.002798125756,0.01594388848,First Quadrant
0.01568766238,-0.02681610397,0.03106776758,Fourth Quadrant
-0.02256296843,0.04624064818,0.05145177439,Second Quadrant
0.005528015801,0.01158799294,0.01283902407,First Quadrant
0.01346387937,0.02230794348,0.02605610082,First Quadrant
-0.02370125908,0.006975888707,0.02470653163,Second Quadrant
-0.03948534828,-0.004963998887,0.03979615577,Third Quadrant
-0.001706055457,-0.01356643264,0.01367328489,Third Quadrant
-0.003821332145,-0.02002029091,0.02038172288,Third Quadrant
-0.01304169039,0.03043660244,0.03311302548,Second Quadrant
-0.007779630685,-0.02084226137,0.02224685399,Third Quadrant
0.01239257203,0.01811019319,0.02194436008,First Quadrant
0.01275616676,0.01370657868,0.0187240511,First Quadrant
0.010055826,-0.002018751047,0.010256461,Fourth Quadrant
0.01372653013,-0.02608787857,0.02947872178,Fourth Quadrant
0.02240340012,0.001725108608,0.02246972044,First Quadrant
0.0358193041,0.001098942789,0.03583615801,First Quadrant
0.005266270128,0.03818852858,0.03854993277,First Quadrant
0.0002435401924,0.01641397779,0.01641578444,First Quadrant
0.009579288121,0.004978702856,0.01079584379,First Quadrant
0.01004574428,0.004504778556,0.01100954168,First Quadrant
-0.04365503068,0.04646286699,0.06375389959,Second Quadrant
-0.01053936179,0.005799921678,0.01202984781,Second Quadrant
0.01833195644,0.01456065348,0.02341096445,First Quadrant
0.02410988064,0.006254198862,0.02490785715,First Quadrant
-0.01020449202,-0.05209427086,0.05308431702,Third Quadrant
-0.01614269004,-0.04146750947,0.04449877283,Third Quadrant
0.01359765349,0.01856865207,0.02301501728,First Quadrant
0.02976520744,0.02600890824,0.03952759645,First Quadrant
0.02505136024,-0.007168633588,0.02605686008,Fourth Quadrant
0.04521321794,0.003342693217,0.04533661517,First Quadrant
0.01144220227,-0.02485153699,0.02735914625,Fourth Quadrant
-0.004812266887,-0.0272938555,0.02771484189,Third Quadrant
0.0102667338,0.004103334684,0.01105636371,First Quadrant
0.01019143548,0.02252350935,0.02472193016,First Quadrant
-0.0003565006998,0.01700758276,0.01701131871,Second Quadrant
0.02881517553,0.0332024766,0.04396269775,First Quadrant
-0.01088253216,0.004066076517,0.01161733551,Second Quadrant
-0.01666338982,0.008848921979,0.01886721974,Second Quadrant
-0.03656620843,0.01700402906,0.04032647521,Second Quadrant
0.0237275877,0.01836088543,0.03000200879,First Quadrant
-0.04982849388,0.01291157764,0.05147414535,Second Quadrant
-0.008457001313,-0.01013085702,0.01319678503,Third Quadrant
0.02480911188,-0.0007724668539,0.02482113489,Fourth Quadrant
-0.06131087446,0.007498597038,0.06176772851,Second Quadrant
-0.02379150497,0.01999214494,0.03107606101,Second Quadrant
-0.03374225826,0.02653133129,0.04292378749,Second Quadrant
0.004320896905,-0.02970864051,0.03002121701,Fourth Quadrant
0.008273454402,0.002795732838,0.008733050431,First Quadrant
-0.04393366227,0.06058577865,0.07483851451,Second Quadrant
-0.0419515528,0.02974964808,0.05142931404,Second Quadrant
-0.02417940783,0.03074056497,0.03911043464,Second Quadrant
0.007967592983,0.005245784752,0.009539433715,First Quadrant
0.004931178297,-0.01578841212,0.01654057063,Fourth Quadrant
0.02032853004,-0.03105061574,0.03711320346,Fourth Quadrant
0.01493387698,-0.0009970600004,0.01496712432,Fourth Quadrant
-0.005762852386,-0.004765590983,0.007478056234,Third Quadrant
0.02689414708,-0.003947818138,0.02718235485,Fourth Quadrant
0.01020580997,0.004659381224,0.01121910828,First Quadrant
0.03240631946,0.02193395158,0.0391314167,First Quadrant
0.00205613218,-0.08183553113,0.08186135739,Fourth Quadrant
0.01027170712,-0.01208262375,0.01585868102,Fourth Quadrant
-0.002388102856,-0.03022748574,0.03032167425,Third Quadrant
-0.03115007312,0.01260771286,0.03360478357,Second Quadrant
0.007682304363,0.00471645644,0.009014586051,First Quadrant
-0.02147967609,-0.07811075444,0.08101028604,Third Quadrant
-0.02799889247,0.006728084968,0.02879592171,Second Quadrant
-0.04283007724,-0.01853204042,0.04666746231,Third Quadrant
0.01165611081,0.01594693978,0.01975271646,First Quadrant
-0.01878471877,0.05578489996,0.05886272779,Second Quadrant
0.02173643447,-0.0111877159,0.02444662698,Fourth Quadrant
0.0103398936,-0.001053005011,0.01039337381,Fourth Quadrant
-0.0522473124,-0.01278504455,0.0537888373,Third Quadrant
-0.02528735425,0.01269776764,0.02829635291,Second Quadrant
0.01314413736,0.001493446151,0.01322870849,First Quadrant
0.001308360634,-0.01200798477,0.01207905236,Fourth Quadrant
0.004547277006,-0.002687916609,0.005282293429,Fourth Quadrant
0.01222015215,-0.02893316298,0.03140796139,Fourth Quadrant
-0.002173816312,-0.04183012057,0.04188656664,Third Quadrant
0.02019353775,-0.01859768002,0.02745273518,Fourth Quadrant
-0.004971771901,-0.03112658674,0.03152115033,Third Quadrant
0.003999427712,-0.06683735246,0.06695690484,Fourth Quadrant
-0.04069536681,0.02941628544,0.05021384997,Second Quadrant
0.0162697061,-0.003684202303,0.01668162711,Fourth Quadrant
0.01123944811,0.008930806303,0.01435564332,First Quadrant
-0.03825248159,0.04670913319,0.06037379789,Second Quadrant
0.01252666886,0.0270465512,0.02980659935,First Quadrant
0.01119243424,0.01191370741,0.01634646777,First Quadrant
-0.0196678185,-0.04708869747,0.05103105441,Third Quadrant
-0.03212323878,0.06492144629,0.07243408492,Second Quadrant
-0.005951512816,0.0004417275408,0.005967883044,Second Quadrant
-0.01850827499,-0.01639768734,0.02472732078,Third Quadrant
-0.04285152602,0.0100402349,0.04401203925,Second Quadrant
0.003620715717,0.03931657881,0.03948294507,First Quadrant
0.02244057626,0.006588901973,0.02338788345,First Quadrant
0.01264609776,0.01190005458,0.01736476569,First Quadrant
-0.003765592256,-0.01732175213,0.01772633019,Third Quadrant
4.66E-06,0.00337671824,0.00337672146,First Quadrant
0.005153376371,-0.0666777352,0.06687658528,Fourth Quadrant
-0.02044735166,0.02445928593,0.03188025812,Second Quadrant
0.01581929019,0.00333191759,0.01616637303,First Quadrant
-0.03928352237,0.03063621175,0.04981739254,Second Quadrant
-8.70E-05,-0.02744631035,0.02744644812,Third Quadrant
0.02392086539,0.01677729131,0.02921789357,First Quadrant
0.02134962541,0.02794354128,0.03516600638,First Quadrant
0.03954902687,-0.00866941607,0.04048807604,Fourth Quadrant
0.004656891735,0.01245830241,0.01330022329,First Quadrant
-0.01716037802,0.0003509799093,0.01716396693,Second Quadrant
-0.02259260776,0.001343191452,0.02263250071,Second Quadrant
0.01606596809,-0.002491615587,0.01625802814,Fourth Quadrant
0.0348712759,0.02079542842,0.04060117887,First Quadrant
-0.005875289292,-0.01104400394,0.01250955824,Third Quadrant
0.01862300727,-0.06834469618,0.07083652939,Fourth Quadrant
0.004358119551,0.02095210577,0.02140055939,First Quadrant
-0.004742077827,0.02802785906,0.02842618837,Second Quadrant
0.008412917172,0.01169193578,0.0144041153,First Quadrant
0.02599762941,-0.0006351547933,0.02600538706,Fourth Quadrant
0.03753010823,-0.01111448046,0.0391412915,Fourth Quadrant
-0.02535961584,0.02943590619,0.03885334849,Second Quadrant
-0.008437593699,0.02786343259,0.02911295009,Second Quadrant
0.01047923232,-0.003608586506,0.01108314967,Fourth Quadrant
-0.03188204533,0.003183955994,0.03204063655,Second Quadrant
-0.03986787549,-0.006498876868,0.04039409483,Third Quadrant
-0.02091726288,0.0381080562,0.04347132196,Second Quadrant
-0.0001981743082,-0.02608793331,0.026088686,Third Quadrant
0.02799325805,-0.005664008009,0.02856052316,Fourth Quadrant
0.01523029973,0.02040374495,0.02546124187,First Quadrant
0.003282733733,0.01893725831,0.01921967984,First Quadrant
0.01153209664,0.01083403795,0.01582294635,First Quadrant
0.008968523429,-0.02907728889,0.03042898522,Fourth Quadrant
-0.03597959673,0.01230123625,0.03802435791,Second Quadrant
0.001221560914,0.005415560683,0.005551622157,First Quadrant
-0.006208635183,-0.003111157653,0.006944526822,Third Quadrant
0.01686010936,0.02929126253,0.03379706123,First Quadrant
-0.0155891889,-0.01952883175,0.0249879587,Third Quadrant
0.01770837059,-0.05821464978,0.06084843332,Fourth Quadrant
-0.006742174178,0.01278873335,0.01445713019,Second Quadrant
-0.0563500883,-0.03014378604,0.06390602701,Third Quadrant
0.03775085542,-3.78E-05,0.0377508743,Fourth Quadrant
0.0100023863,0.01102288929,0.01488461689,First Quadrant
-0.005570459305,0.02236159656,0.02304497814,Second Quadrant
0.04948701938,0.005435102803,0.04978459029,First Quadrant
0.03050176505,0.01638239146,0.03462283092,First Quadrant
0.008903166229,0.004744167577,0.01008828503,First Quadrant
0.01008113749,0.004176732144,0.01091212282,First Quadrant
-0.04393217518,0.009752387633,0.04500161198,Second Quadrant
0.02524934201,0.04687242417,0.05324052423,First Quadrant
0.03130916683,0.005845851781,0.03185024192,First Quadrant
-0.01477390231,-0.006993968951,0.01634575759,Third Quadrant
0.01026692042,0.004411394899,0.01117452727,First Quadrant
0.03682066986,0.002634641647,0.03691480822,First Quadrant
0.0163140239,-0.001894700678,0.01642368005,Fourth Quadrant
0.01203124053,-0.01049293527,0.01596409845,Fourth Quadrant
0.04009481219,-0.024841154,0.04716648064,Fourth Quadrant
-0.005166322986,-0.004828743647,0.007071609322,Third Quadrant
-0.03515239471,-0.005109863442,0.03552184621,Third Quadrant
0.001323955635,0.009800344845,0.009889368919,First Quadrant
0.01360179555,-0.04538651939,0.0473808504,Fourth Quadrant
0.00626851969,0.00497927429,0.008005467605,First Quadrant
-0.0322242907,0.01262132363,0.0346078419,Second Quadrant
0.01800415873,0.02039314507,0.02720349422,First Quadrant
-0.001016448918,-0.0109054533,0.01095272022,Third Quadrant
-0.05646442615,-0.004833435959,0.05667092309,Third Quadrant
-0.008668721602,0.0140620591,0.01651932929,Second Quadrant
0.01024765181,0.004328575164,0.01112433955,First Quadrant
-0.004459931073,-0.02967232382,0.03000562924,Third Quadrant
0.0009863907825,-0.002690106901,0.00286524727,Fourth Quadrant
-0.002887292674,0.02285228937,0.02303396598,Second Quadrant
0.01144049418,-0.01969156217,0.0227737245,Fourth Quadrant
0.006653238924,-0.002038331848,0.00695847576,Fourth Quadrant
-0.01533901163,-0.01263048237,0.01986993615,Third Quadrant
0.0002207399258,-0.04253385876,0.04253443155,Fourth Quadrant
0.02691339712,-0.02278714133,0.03526449708,Fourth Quadrant
-0.01009254141,0.009406071711,0.01379614356,Second Quadrant
-0.01995514253,0.04768861186,0.0516953713,Second Quadrant
0.01302385831,0.01662116244,0.02111596377,First Quadrant
0.0184467242,-0.00543012118,0.01922934866,Fourth Quadrant
0.01554349332,0.0221414167,0.02705258801,First Quadrant
-0.02626877457,0.001555817651,0.02631480735,Second Quadrant
-0.01724389545,-0.00406781603,0.01771719666,Third Quadrant
-0.03136232648,-0.04061997164,0.05131839454,Third Quadrant
-0.005061995071,0.005499840858,0.007474760436,Second Quadrant
-0.05855164252,0.0009519184047,0.05855938003,Second Quadrant
-0.004537253571,-0.0124182328,0.01322116394,Third Quadrant
-0.03357024889,0.02315213643,0.04077968896,Second Quadrant
0.001798036199,-0.06194007836,0.06196617014,Fourth Quadrant
0.005245953105,0.02164605004,0.02227266276,First Quadrant
0.02926183654,-0.01005921255,0.03094257318,Fourth Quadrant
-0.008334872427,-0.03505625508,0.03603347219,Third Quadrant
-0.0152833493,0.03109512433,0.03464805222,Second Quadrant
-0.0133150879,-0.003312923734,0.0137210433,Third Quadrant
0.002875137029,0.006351633239,0.006972062661,First Quadrant
0.01337382016,0.01971801804,0.0238256018,First Quadrant
0.01461674904,0.04946191559,0.05157645244,First Quadrant
-0.04096600235,0.01586902028,0.04393221088,Second Quadrant
0.003342573642,0.02785534363,0.0280551772,First Quadrant
0.02182972964,0.002871286025,0.02201775147,First Quadrant
-0.01682413302,-0.0329870934,0.03702971487,Third Quadrant
-0.02932764392,-0.006522136969,0.03004411704,Third Quadrant
0.01024339447,0.004451148156,0.01116869957,First Quadrant
-0.003203296094,0.01136330919,0.01180618066,Second Quadrant
-0.03704144645,0.04415485218,0.05763436237,Second Quadrant
-0.01121334614,0.03541514642,0.03714797071,Second Quadrant
-0.02048913498,-0.04012410089,0.04505272605,Third Quadrant
0.01745566278,-0.001095826345,0.01749002569,Fourth Quadrant
0.0426383425,0.01934035249,0.04681962714,First Quadrant
0.01704808378,-0.02724186373,0.03213652594,Fourth Quadrant
-0.005103062061,0.03183414915,0.03224056908,Second Quadrant
-0.007329963801,0.007265048781,0.01032033445,Second Quadrant
-0.04782079248,-0.02694448845,0.05488928539,Third Quadrant
0.01512696228,-0.016025651,0.02203738818,Fourth Quadrant
0.01490085839,0.01606931228,0.02191479814,First Quadrant
-0.01525187645,0.001411434956,0.01531704553,Second Quadrant
-0.02937954936,0.001197172246,0.02940393072,Second Quadrant
-0.00354780634,0.004630586594,0.005833460553,Second Quadrant
0.009006398508,0.02000729598,0.02194099146,First Quadrant
-0.0194884782,0.01379922911,0.02387926939,Second Quadrant
-0.06726167098,-0.02158480522,0.07064018828,Third Quadrant
0.005377500764,-0.007200374009,0.008986818142,Fourth Quadrant
0.01151772675,0.01571703867,0.01948546469,First Quadrant
-0.01357200999,0.03227536995,0.03501283993,Second Quadrant
-0.003958556806,-0.007941289772,0.008873232513,Third Quadrant
-0.03494512984,-0.006104256785,0.03547427308,Third Quadrant
0.006225205311,-0.04782106246,0.04822454972,Fourth Quadrant
0.02522418773,-0.04296535183,0.04982249597,Fourth Quadrant
-0.009141358966,0.02899135637,0.03039840765,Second Quadrant
0.02814832671,0.003712065697,0.02839203635,First Quadrant
0.007963946573,0.01517628001,0.01713895913,First Quadrant
0.01025203359,0.004153184764,0.0110613352,First Quadrant